date,code,name,12m_low,12m_high,day_low,day_high,day_price,previous,change,changepct,volume,adjust,adjusted_price,pct_from_12m_low,pct_from_12m_high,daily_return,daily_volatility,ma_5,ma_10,next_day_price,next_day_return,target
2025-12-02,ABSA,Absa Bank Kenya Plc,14.55,26.25,18.15,18.45,18.35,18.2,0.15,0.82%,164900.0,,18.35,26.11683848797251,30.09523809523809,0.1500000000000021,0.3000000000000007,18.2,18.075,18.5,0.14999999999999858,Buy
2025-12-03,ABSA,Absa Bank Kenya Plc,14.55,26.25,19.0,19.5,19.0,19.0,,0.0,389900.0,,19.0,30.584192439862534,27.61904761904762,0.0,0.5,19.09,19.085,19.0,0.0,Hold
2025-12-05,ABSA,Absa Bank Kenya Plc,14.55,26.25,16.45,17.7,16.9,16.65,0.25,1.50%,85900.0,,16.9,16.15120274914088,35.61904761904762,0.25,1.25,16.580000000000002,17.2,16.75,-0.14999999999999858,Sell
2025-12-06,ABSA,Absa Bank Kenya Plc,14.55,26.25,18.4,19.0,18.75,18.5,0.25,1.35%,1282900.0,,18.75,28.86597938144329,28.57142857142857,0.25,0.6000000000000014,18.410000000000004,18.265,18.9,0.14999999999999858,Buy
2025-12-08,ABSA,Absa Bank Kenya Plc,14.2,24.85,19.8,20.0,19.95,19.95,,0.0,136692.0,,19.95,40.49295774647887,19.71830985915493,0.0,0.1999999999999993,19.82,19.665,19.8,-0.14999999999999858,Sell
2025-11-09,ABSA,Absa Bank Kenya Plc,14.55,26.25,22.5,23.75,23.0,22.65,0.35,1.55%,408095.0,,23.0,58.07560137457044,12.38095238095238,0.3500000000000014,1.25,21.78,21.155,23.05,0.05000000000000071,Hold
2025-12-09,ABSA,Absa Bank Kenya Plc,14.55,26.25,22.5,24.85,23.05,23.0,0.05,0.22%,469486.0,,23.05,58.41924398625429,12.190476190476188,0.0500000000000007,2.3500000000000014,22.24,21.45,23.0,-0.05000000000000071,Hold
2025-12-02,AMAC,Africa Mega Agricorp Plc,51.0,80.0,51.5,51.5,51.5,51.5,,0.0,,,51.5,0.9803921568627452,35.625,0.0,0.0,53.7,55.85,51.5,0.0,Hold
2025-12-03,AMAC,Africa Mega Agricorp Plc,51.0,80.0,51.0,51.0,51.0,51.0,,0.0,,,51.0,0.0,36.25,0.0,0.0,53.2,54.85,51.0,0.0,Hold
2025-12-05,AMAC,Africa Mega Agricorp Plc,51.0,80.0,51.0,51.0,51.0,51.0,,0.0,,,51.0,0.0,36.25,0.0,0.0,51.0,51.0,51.0,0.0,Hold
2025-12-06,AMAC,Africa Mega Agricorp Plc,51.0,80.0,56.0,56.0,56.0,56.0,,0.0,,,56.0,9.803921568627452,30.0,0.0,0.0,56.0,56.0,56.0,0.0,Hold
2025-12-08,AMAC,Africa Mega Agricorp Plc,51.0,80.0,74.0,74.0,74.0,74.0,,0.0,,,74.0,45.09803921568628,7.5,0.0,0.0,74.0,72.05,74.0,0.0,Hold
2025-11-09,AMAC,Africa Mega Agricorp Plc,51.0,80.0,72.0,72.0,72.0,72.0,,0.0,,,72.0,41.17647058823529,10.0,0.0,0.0,72.0,71.6,72.0,0.0,Hold
2025-12-09,AMAC,Africa Mega Agricorp Plc,51.0,80.0,72.0,72.0,72.0,72.0,,0.0,,,72.0,41.17647058823529,10.0,0.0,0.0,72.0,71.6,72.0,0.0,Hold
2025-12-02,ARM,Arm Cement Plc,5.55,5.55,5.55,5.55,5.55,5.55,,0.0,,,5.55,0.0,0.0,0.0,0.0,5.55,5.55,5.55,0.0,Hold
2025-12-03,ARM,Arm Cement Plc,5.55,5.55,5.55,5.55,5.55,5.55,,0.0,,,5.55,0.0,0.0,0.0,0.0,5.55,5.55,5.55,0.0,Hold
2025-12-05,ARM,Arm Cement Plc,5.55,5.55,5.55,5.55,5.55,5.55,,0.0,,,5.55,0.0,0.0,0.0,0.0,5.55,5.55,5.55,0.0,Hold
2025-12-06,ARM,Arm Cement Plc,5.55,5.55,5.55,5.55,5.55,5.55,,0.0,,,5.55,0.0,0.0,0.0,0.0,5.55,5.55,5.55,0.0,Hold
2025-12-08,ARM,Arm Cement Plc,5.55,5.55,5.55,5.55,5.55,5.55,,0.0,,,5.55,0.0,0.0,0.0,0.0,5.55,5.55,5.55,0.0,Hold
2025-11-09,ARM,Arm Cement Plc,5.55,5.55,5.55,5.55,5.55,5.55,,0.0,,,5.55,0.0,0.0,0.0,0.0,5.55,5.55,5.55,0.0,Hold
2025-12-09,ARM,Arm Cement Plc,5.55,5.55,5.55,5.55,5.55,5.55,,0.0,,,5.55,0.0,0.0,0.0,0.0,5.55,5.55,5.55,0.0,Hold
2025-12-02,BAMB,Bamburi Cement Ltd,47.0,67.0,57.0,57.0,57.0,56.5,0.5,0.88%,800.0,,57.0,21.27659574468085,14.925373134328357,0.5,0.0,57.25,57.125,57.0,0.0,Hold
2025-12-03,BAMB,Bamburi Cement Ltd,47.0,67.0,47.2,47.2,47.2,47.2,,0.0,,,47.2,0.4255319148936231,29.552238805970145,0.0,0.0,47.2,48.13,47.2,0.0,Hold
2025-12-05,BAMB,Bamburi Cement Ltd,47.0,67.0,47.2,47.2,47.2,47.2,,0.0,,,47.2,0.4255319148936231,29.552238805970145,0.0,0.0,47.2,47.2,56.5,9.299999999999997,Buy
2025-12-06,BAMB,Bamburi Cement Ltd,47.0,67.0,47.2,47.2,47.2,47.2,,0.0,,,47.2,0.4255319148936231,29.552238805970145,0.0,0.0,47.2,47.2,47.2,0.0,Hold
2025-12-08,BAMB,Bamburi Cement Ltd,47.0,69.75,47.2,47.2,47.2,47.2,,0.0,,,47.2,0.4255319148936231,32.32974910394265,0.0,0.0,47.2,47.2,47.2,0.0,Hold
2025-11-09,BAMB,Bamburi Cement Ltd,47.0,67.0,47.2,47.2,47.2,47.2,,0.0,,,47.2,0.4255319148936231,29.552238805970145,0.0,0.0,47.2,47.2,47.2,0.0,Hold
2025-12-09,BAMB,Bamburi Cement Ltd,47.0,67.0,47.2,47.2,47.2,47.2,,0.0,,,47.2,0.4255319148936231,29.552238805970145,0.0,0.0,47.2,47.2,47.2,0.0,Hold
2025-12-02,BAT,British American Tobacco Kenya Plc,345.0,452.0,360.0,365.0,361.25,361.75,-0.5,-0.14%,7400.0,,361.25,4.710144927536232,20.077433628318584,-0.5,5.0,361.85,362.175,361.75,0.5,Hold
2025-12-03,BAT,British American Tobacco Kenya Plc,345.0,452.0,362.0,372.0,363.5,368.5,-5.0,-1.36%,8700.0,,363.5,5.36231884057971,19.579646017699115,-5.0,10.0,371.3,373.525,370.0,6.5,Buy
2025-12-05,BAT,British American Tobacco Kenya Plc,345.0,452.0,369.5,372.0,370.0,370.25,-0.25,-0.07%,4000.0,,370.0,7.246376811594203,18.141592920353983,-0.25,2.5,370.0,370.375,370.0,0.0,Hold
2025-12-06,BAT,British American Tobacco Kenya Plc,345.0,452.0,347.5,354.0,348.75,349.0,-0.25,-0.07%,24500.0,,348.75,1.0869565217391304,22.8429203539823,-0.25,6.5,348.25,347.9,349.0,0.25,Hold
2025-12-08,BAT,British American Tobacco Kenya Plc,335.0,450.75,421.0,430.0,429.0,425.0,4.0,0.94%,34126.0,,429.0,28.059701492537314,4.825291181364393,4.0,9.0,419.3,411.325,434.5,5.5,Buy
2025-11-09,BAT,British American Tobacco Kenya Plc,345.0,452.0,443.0,450.75,446.0,447.0,-1.0,-0.22%,8395.0,,446.0,29.275362318840585,1.327433628318584,-1.0,7.75,440.35,427.725,442.0,-4.0,Sell
2025-12-09,BAT,British American Tobacco Kenya Plc,345.0,452.0,439.0,446.0,442.0,446.0,-4.0,-0.90%,2803.0,,442.0,28.115942028985508,2.2123893805309733,-4.0,7.0,443.0,429.2,429.0,-13.0,Sell
2025-12-02,BKG,Bk Group Plc,28.75,43.5,34.5,34.5,34.5,34.5,,0.0,,,34.5,20.0,20.689655172413797,0.0,0.0,34.94,35.17,34.05,-0.45000000000000284,Sell
2025-12-03,BKG,Bk Group Plc,28.75,43.5,36.0,37.8,36.9,34.85,2.05,5.88%,400.0,,36.9,28.34782608695652,15.17241379310345,2.049999999999997,1.7999999999999972,35.739999999999995,35.379999999999995,36.0,-0.8999999999999986,Sell
2025-12-05,BKG,Bk Group Plc,28.75,43.5,33.0,33.0,33.0,33.0,,0.0,400.0,,33.0,14.782608695652174,24.13793103448276,0.0,0.0,32.67,32.21,33.05,0.04999999999999716,Hold
2025-12-06,BKG,Bk Group Plc,28.75,43.5,34.9,34.9,34.9,34.9,,0.0,,,34.9,21.39130434782608,19.77011494252874,0.0,0.0,34.41,34.815,34.25,-0.6499999999999986,Sell
2025-12-08,BKG,Bk Group Plc,28.75,43.5,35.9,36.0,35.95,35.95,,0.0,37599.0,,35.95,25.043478260869573,17.35632183908045,0.0,0.1000000000000014,35.56,35.39,36.0,0.04999999999999716,Hold
2025-11-09,BKG,Bk Group Plc,28.75,43.5,37.0,38.0,37.35,37.0,0.35,0.95%,24454.0,,37.35,29.913043478260875,14.137931034482756,0.3500000000000014,1.0,37.96,38.74999999999999,37.7,0.3500000000000014,Buy
2025-12-09,BKG,Bk Group Plc,28.75,43.5,37.0,38.0,37.7,37.35,0.35,0.94%,5124.0,,37.7,31.130434782608702,13.333333333333329,0.3500000000000014,1.0,37.64,38.440000000000005,38.0,0.29999999999999716,Buy
2025-12-02,BOC,Boc Kenya Plc,76.0,150.0,80.0,80.0,80.0,80.0,,0.0,,,80.0,5.263157894736842,46.66666666666666,0.0,0.0,80.0,81.8,80.0,0.0,Hold
2025-12-03,BOC,Boc Kenya Plc,76.0,150.0,86.0,86.0,86.0,86.0,,0.0,100.0,,86.0,13.157894736842104,42.66666666666667,0.0,0.0,84.85,85.25,86.0,0.0,Hold
2025-12-05,BOC,Boc Kenya Plc,76.0,150.0,76.0,76.0,76.0,76.0,,0.0,,,76.0,0.0,49.333333333333336,0.0,0.0,77.6,80.4,80.0,4.0,Buy
2025-12-06,BOC,Boc Kenya Plc,76.0,150.0,88.0,88.0,88.0,87.0,1.0,1.15%,100.0,,88.0,15.789473684210526,41.333333333333336,1.0,0.0,86.0,85.15,85.5,-2.5,Sell
2025-12-08,BOC,Boc Kenya Plc,76.0,150.0,90.0,90.0,90.0,90.0,,0.0,600.0,,90.0,18.421052631578945,40.0,0.0,0.0,89.8,89.775,89.25,-0.75,Sell
2025-11-09,BOC,Boc Kenya Plc,76.0,150.0,128.0,129.0,128.25,129.75,-1.5,-1.16%,1246.0,,128.25,68.75,14.499999999999998,-1.5,1.0,129.3,127.15,121.25,-7.0,Sell
2025-12-09,BOC,Boc Kenya Plc,76.0,150.0,121.0,129.0,121.25,128.25,-7.0,-5.46%,6557.0,,121.25,59.539473684210535,19.166666666666668,-7.0,8.0,127.65,126.8,127.75,6.5,Buy
2025-12-02,BRIT,Britam Holdings Plc,5.52,9.4,6.96,7.3,7.04,6.94,0.1,1.44%,7900.0,,7.04,27.536231884057983,25.106382978723406,0.0999999999999996,0.3399999999999998,6.988,7.086,7.18,0.13999999999999968,Buy
2025-12-03,BRIT,Britam Holdings Plc,5.52,9.4,7.5,7.96,7.52,7.7,-0.18,-2.34%,65200.0,,7.52,36.23188405797102,20.000000000000007,-0.1800000000000006,0.4599999999999999,7.676,7.684,7.66,0.14000000000000057,Buy
2025-12-05,BRIT,Britam Holdings Plc,5.52,9.4,6.3,6.76,6.34,6.72,-0.38,-5.65%,54200.0,,6.34,14.855072463768124,32.5531914893617,-0.3799999999999999,0.4599999999999999,6.519999999999999,6.636,6.5,0.16000000000000014,Buy
2025-12-06,BRIT,Britam Holdings Plc,5.52,9.4,7.2,7.6,7.48,7.34,0.14,1.91%,179500.0,,7.48,35.507246376811615,20.42553191489361,0.1400000000000005,0.3999999999999994,7.172,7.022,7.68,0.1999999999999993,Buy
2025-12-08,BRIT,Britam Holdings Plc,5.3,9.4,8.0,8.3,8.02,8.28,-0.26,-3.14%,32368.0,,8.02,51.320754716981135,14.680851063829795,-0.2599999999999998,0.3000000000000007,7.939999999999999,8.058,8.06,0.040000000000000924,Hold
2025-11-09,BRIT,Britam Holdings Plc,5.52,9.4,8.6,8.98,8.7,8.74,-0.04,-0.46%,12294539.0,,8.7,57.60869565217392,7.446808510638308,-0.0400000000000009,0.3800000000000008,8.751999999999999,8.668000000000001,8.88,0.1800000000000015,Buy
2025-12-09,BRIT,Britam Holdings Plc,5.52,9.4,8.6,9.28,8.88,8.7,0.18,2.07%,169040.0,,8.88,60.86956521739133,5.531914893617016,0.1800000000000015,0.6799999999999997,8.756,8.654,8.8,-0.08000000000000007,Sell
2025-12-02,CABL,East African Cables Plc,0.98,3.27,1.78,2.16,1.85,1.97,-0.12,-6.09%,574500.0,,1.85,88.77551020408164,43.42507645259938,-0.1199999999999998,0.3800000000000001,2.2200000000000024,2.448,2.03,0.17999999999999972,Buy
2025-12-03,CABL,East African Cables Plc,0.98,3.27,2.15,2.26,2.2,2.26,-0.06,-2.65%,65200.0,,2.2,124.48979591836738,32.72171253822629,-0.0599999999999996,0.1099999999999998,2.1920000000000024,2.191,2.23,0.029999999999999805,Buy
2025-12-05,CABL,East African Cables Plc,0.98,3.27,1.87,2.08,1.9,1.97,-0.07,-3.55%,83200.0,,1.9,93.87755102040816,41.89602446483181,-0.07,0.2099999999999999,1.9520000000000024,1.979,1.92,0.020000000000000018,Buy
2025-12-06,CABL,East African Cables Plc,0.98,3.27,1.8,1.9,1.85,1.9,-0.05,-2.63%,28500.0,,1.85,88.77551020408164,43.42507645259938,-0.0499999999999998,0.0999999999999998,1.8560000000000023,1.747,1.88,0.029999999999999805,Buy
2025-12-08,CABL,East African Cables Plc,0.92,3.27,1.0,1.0,1.0,1.0,,0.0,,,1.0,8.69565217391304,69.41896024464832,0.0,0.0,1.0,1.0,1.0,0.0,Hold
2025-11-09,CABL,East African Cables Plc,0.98,3.27,1.0,1.0,1.0,1.0,,0.0,,,1.0,2.040816326530614,69.41896024464832,0.0,0.0,1.0,1.0,1.0,0.0,Hold
2025-12-09,CABL,East African Cables Plc,0.98,3.27,1.0,1.0,1.0,1.0,,0.0,,,1.0,2.040816326530614,69.41896024464832,0.0,0.0,1.0,1.0,1.0,0.0,Hold
2025-12-02,CARB,Carbacid Investments Plc,16.25,32.2,20.5,22.0,21.95,20.0,1.95,9.75%,10100.0,,21.95,35.07692307692307,31.83229813664597,1.9499999999999995,1.5,20.39,20.145,21.5,-0.4499999999999993,Sell
2025-12-03,CARB,Carbacid Investments Plc,16.25,32.2,20.0,20.5,20.2,20.4,-0.2,-0.98%,10400.0,,20.2,24.307692307692303,37.26708074534162,-0.1999999999999993,0.5,20.36,20.245,19.9,-0.3000000000000007,Sell
2025-12-05,CARB,Carbacid Investments Plc,16.25,32.2,19.15,19.4,19.3,19.25,0.05,0.26%,300.0,,19.3,18.769230769230774,40.06211180124224,0.0500000000000007,0.25,19.31,19.355,19.45,0.14999999999999858,Buy
2025-12-06,CARB,Carbacid Investments Plc,16.25,32.2,20.0,21.0,20.05,20.15,-0.1,-0.50%,43300.0,,20.05,23.38461538461539,37.732919254658384,-0.0999999999999978,1.0,19.85,19.55,20.05,0.0,Hold
2025-12-08,CARB,Carbacid Investments Plc,16.25,30.1,21.95,22.5,22.0,21.95,0.05,0.23%,3683.0,,22.0,35.38461538461539,26.91029900332226,0.0500000000000007,0.5500000000000007,22.2,22.045,21.8,-0.1999999999999993,Sell
2025-11-09,CARB,Carbacid Investments Plc,16.25,32.2,25.0,26.5,26.15,25.85,0.3,1.16%,30473.0,,26.15,60.92307692307691,18.788819875776408,0.2999999999999971,1.5,25.23,25.83,24.0,-2.1499999999999986,Sell
2025-12-09,CARB,Carbacid Investments Plc,16.25,32.2,23.6,26.5,24.0,26.15,-2.15,-8.22%,16897.0,,24.0,47.69230769230769,25.46583850931678,-2.1499999999999986,2.8999999999999986,25.15,25.53,24.6,0.6000000000000014,Buy
2025-12-02,CGEN,Car And General (K) Ltd,19.5,63.0,22.6,22.9,22.6,22.9,-0.3,-1.31%,1300.0,,22.6,15.897435897435903,64.12698412698413,-0.2999999999999971,0.2999999999999971,22.84,22.84,24.0,1.3999999999999986,Buy
2025-12-03,CGEN,Car And General (K) Ltd,19.5,63.0,25.0,25.0,25.0,25.0,,0.0,,,25.0,28.205128205128204,60.31746031746032,0.0,0.0,24.8,24.9,25.0,0.0,Hold
2025-12-05,CGEN,Car And General (K) Ltd,19.5,63.0,20.0,21.5,20.45,20.45,,0.0,1900.0,,20.45,4.871794871794869,67.53968253968253,0.0,1.5,20.85,20.345,21.5,1.0500000000000007,Buy
2025-12-06,CGEN,Car And General (K) Ltd,19.5,63.0,21.0,22.0,21.9,22.0,-0.1,-0.45%,1200.0,,21.9,12.3076923076923,65.23809523809524,-0.1000000000000014,1.0,21.67,21.525,21.9,0.0,Hold
2025-12-08,CGEN,Car And General (K) Ltd,19.5,56.75,24.7,24.8,24.75,24.6,0.15,0.61%,348.0,,24.75,26.923076923076923,56.38766519823789,0.1499999999999985,0.1000000000000014,24.5,24.265,26.4,1.6499999999999986,Buy
2025-11-09,CGEN,Car And General (K) Ltd,19.5,63.0,37.0,40.0,38.6,36.45,2.15,5.90%,2866.0,,38.6,97.94871794871796,38.73015873015873,2.1499999999999986,3.0,35.21,33.6,38.85,0.25,Buy
2025-12-09,CGEN,Car And General (K) Ltd,19.5,63.0,35.0,40.8,38.85,38.6,0.25,0.65%,10073.0,,38.85,99.23076923076924,38.33333333333333,0.25,5.799999999999997,36.4,34.345000000000006,36.7,-2.1499999999999986,Sell
2025-12-02,CIC,Cic Insurance Group Ltd,1.98,5.7,2.61,2.79,2.66,2.66,,0.0,319400.0,,2.66,34.34343434343435,53.333333333333336,0.0,0.1800000000000001,2.728,2.748,2.83,0.16999999999999993,Buy
2025-12-03,CIC,Cic Insurance Group Ltd,1.98,5.7,2.95,3.07,2.99,3.0,-0.01,-0.33%,126600.0,,2.99,51.01010101010103,47.54385964912281,-0.0099999999999997,0.1199999999999996,3.012,3.008,2.85,-0.14000000000000012,Sell
2025-12-05,CIC,Cic Insurance Group Ltd,1.98,5.7,2.8,2.9,2.83,2.87,-0.04,-1.39%,234000.0,,2.83,42.92929292929293,50.35087719298246,-0.04,0.1,2.838,2.854,2.8,-0.03000000000000025,Sell
2025-12-06,CIC,Cic Insurance Group Ltd,1.98,5.7,2.71,2.89,2.85,2.71,0.14,5.17%,531700.0,,2.85,43.939393939393945,50.0,0.1400000000000001,0.1800000000000001,2.7960000000000003,2.76,2.86,0.009999999999999787,Hold
2025-12-08,CIC,Cic Insurance Group Ltd,1.98,5.7,3.45,3.71,3.57,3.45,0.12,3.48%,613535.0,,3.57,80.3030303030303,37.36842105263158,0.1199999999999996,0.2599999999999998,3.436,3.415,3.71,0.14000000000000012,Buy
2025-11-09,CIC,Cic Insurance Group Ltd,1.98,5.7,5.0,5.4,5.26,5.18,0.08,1.54%,350434.0,,5.26,165.65656565656565,7.719298245614041,0.08,0.4000000000000003,5.324,5.118,5.4,0.14000000000000057,Buy
2025-12-09,CIC,Cic Insurance Group Ltd,1.98,5.7,5.26,5.5,5.4,5.26,0.14,2.66%,235741.0,,5.4,172.72727272727275,5.263157894736839,0.1400000000000005,0.2400000000000002,5.343999999999999,5.185,5.28,-0.1200000000000001,Sell
2025-12-02,COOP,Co-Operative Bank Of Kenya Ltd,13.5,25.2,16.5,16.7,16.6,16.0,0.6,3.75%,108700.0,,16.6,22.962962962962973,34.12698412698412,0.6000000000000014,0.1999999999999993,16.18,16.29,16.55,-0.05000000000000071,Hold
2025-12-03,COOP,Co-Operative Bank Of Kenya Ltd,13.5,25.2,15.75,16.35,15.9,16.45,-0.55,-3.34%,1901900.0,,15.9,17.777777777777782,36.9047619047619,-0.5499999999999989,0.6000000000000014,16.53,16.7,15.45,-0.45000000000000107,Sell
2025-12-05,COOP,Co-Operative Bank Of Kenya Ltd,13.5,25.2,14.0,14.35,14.2,14.25,-0.05,-0.35%,778600.0,,14.2,5.18518518518518,43.65079365079365,-0.0500000000000007,0.3499999999999996,14.12,14.414999999999996,14.3,0.10000000000000142,Buy
2025-12-06,COOP,Co-Operative Bank Of Kenya Ltd,13.5,25.2,15.95,16.4,16.15,15.95,0.2,1.25%,716700.0,,16.15,19.62962962962962,35.91269841269842,0.1999999999999993,0.4499999999999993,15.73,15.605,16.7,0.5500000000000007,Buy
2025-12-08,COOP,Co-Operative Bank Of Kenya Ltd,13.5,22.0,16.85,17.15,17.0,16.9,0.1,0.59%,479069.0,,17.0,25.925925925925924,22.727272727272727,0.1000000000000014,0.2999999999999971,16.839999999999996,16.815,17.35,0.3500000000000014,Buy
2025-11-09,COOP,Co-Operative Bank Of Kenya Ltd,13.5,25.2,19.9,21.45,21.0,21.25,-0.25,-1.18%,4835089.0,,21.0,55.55555555555556,16.666666666666664,-0.25,1.5500000000000007,21.0,19.645,19.9,-1.1000000000000014,Sell
2025-12-09,COOP,Co-Operative Bank Of Kenya Ltd,13.5,25.2,19.7,20.0,19.9,21.0,-1.1,-5.24%,119718.0,,19.9,47.4074074074074,21.031746031746035,-1.1000000000000014,0.3000000000000007,20.92,19.855,20.8,0.9000000000000021,Buy
2025-12-02,CRWN,Crown Paints Kenya Plc,29.0,62.0,31.0,33.0,31.85,33.0,-1.15,-3.48%,4300.0,,31.85,9.827586206896555,48.62903225806451,-1.1499999999999986,2.0,31.99,31.445,31.85,0.0,Hold
2025-12-03,CRWN,Crown Paints Kenya Plc,29.0,62.0,31.15,31.15,31.15,31.15,,0.0,,,31.15,7.413793103448271,49.75806451612904,0.0,0.0,31.1,31.05,31.15,0.0,Hold
2025-12-05,CRWN,Crown Paints Kenya Plc,29.0,62.0,34.5,36.0,35.65,36.45,-0.8,-2.19%,30000.0,,35.65,22.931034482758616,42.50000000000001,-0.8000000000000043,1.5,36.22,36.04,35.25,-0.3999999999999986,Sell
2025-12-06,CRWN,Crown Paints Kenya Plc,29.0,62.0,46.5,47.0,46.55,46.55,,0.0,9300.0,,46.55,60.517241379310335,24.91935483870968,0.0,0.5,44.84,42.425,44.55,-2.0,Sell
2025-12-08,CRWN,Crown Paints Kenya Plc,29.0,62.0,45.0,46.0,45.55,43.75,1.8,4.11%,445.0,,45.55,57.06896551724137,26.53225806451613,1.7999999999999972,1.0,43.55,42.44500000000001,45.55,0.0,Hold
2025-11-09,CRWN,Crown Paints Kenya Plc,29.0,62.0,51.0,54.5,51.0,51.0,,0.0,6335.0,,51.0,75.86206896551724,17.741935483870968,0.0,3.5,50.5,49.34,51.0,0.0,Hold
2025-12-09,CRWN,Crown Paints Kenya Plc,29.0,62.0,50.0,51.0,51.0,51.0,,0.0,688.0,,51.0,75.86206896551724,17.741935483870968,0.0,1.0,50.65,49.655,50.75,-0.25,Hold
2025-12-02,CTUM,Centum Investment Company Plc,9.22,16.75,11.9,12.05,11.95,11.65,0.3,2.58%,6100.0,,11.95,29.609544468546623,28.65671641791045,0.2999999999999989,0.1500000000000003,11.69,11.415,12.0,0.05000000000000071,Hold
2025-12-03,CTUM,Centum Investment Company Plc,9.22,16.75,13.5,14.0,13.95,14.2,-0.25,-1.76%,5200.0,,13.95,51.30151843817785,16.716417910447763,-0.25,0.5,14.95,15.105,13.15,-0.7999999999999989,Sell
2025-12-05,CTUM,Centum Investment Company Plc,9.22,16.75,11.2,11.95,11.8,11.0,0.8,7.27%,9500.0,,11.8,27.98264642082429,29.552238805970145,0.8000000000000007,0.75,11.25,11.39,11.15,-0.6500000000000004,Sell
2025-12-06,CTUM,Centum Investment Company Plc,9.22,16.75,11.1,12.2,11.95,12.05,-0.1,-0.83%,371100.0,,11.95,29.609544468546623,28.65671641791045,-0.1000000000000014,1.0999999999999996,11.69,11.665,11.9,-0.049999999999998934,Hold
2025-12-08,CTUM,Centum Investment Company Plc,9.22,16.5,11.55,12.0,11.95,11.6,0.35,3.02%,99732.0,,11.95,29.609544468546623,27.57575757575758,0.3499999999999996,0.4499999999999993,11.71,11.695,11.85,-0.09999999999999964,Sell
2025-11-09,CTUM,Centum Investment Company Plc,9.22,16.75,13.55,14.0,13.8,14.0,-0.2,-1.43%,17111.0,,13.8,49.67462039045552,17.61194029850746,-0.1999999999999993,0.4499999999999993,13.8,13.670000000000002,13.95,0.14999999999999858,Buy
2025-12-09,CTUM,Centum Investment Company Plc,9.22,16.75,13.55,15.15,13.95,13.8,0.15,1.09%,58955.0,,13.95,51.30151843817785,16.716417910447763,0.1499999999999985,1.5999999999999996,13.85,13.765,13.95,0.0,Hold
2025-12-02,DCON,Deacons (East Africa) Plc,0.45,0.45,0.45,0.45,0.45,0.45,,0.0,,,0.45,0.0,0.0,0.0,0.0,0.45,0.45,0.45,0.0,Hold
2025-12-03,DCON,Deacons (East Africa) Plc,0.45,0.45,0.45,0.45,0.45,0.45,,0.0,,,0.45,0.0,0.0,0.0,0.0,0.45,0.45,0.45,0.0,Hold
2025-12-05,DCON,Deacons (East Africa) Plc,0.45,0.45,0.45,0.45,0.45,0.45,,0.0,,,0.45,0.0,0.0,0.0,0.0,0.45,0.45,0.45,0.0,Hold
2025-12-06,DCON,Deacons (East Africa) Plc,0.45,0.45,0.45,0.45,0.45,0.45,,0.0,,,0.45,0.0,0.0,0.0,0.0,0.45,0.45,0.45,0.0,Hold
2025-12-08,DCON,Deacons (East Africa) Plc,0.45,0.45,0.45,0.45,0.45,0.45,,0.0,,,0.45,0.0,0.0,0.0,0.0,0.45,0.45,0.45,0.0,Hold
2025-11-09,DCON,Deacons (East Africa) Plc,0.45,0.45,0.45,0.45,0.45,0.45,,0.0,,,0.45,0.0,0.0,0.0,0.0,0.45,0.45,0.45,0.0,Hold
2025-12-09,DCON,Deacons (East Africa) Plc,0.45,0.45,0.45,0.45,0.45,0.45,,0.0,,,0.45,0.0,0.0,0.0,0.0,0.45,0.45,0.45,0.0,Hold
2025-12-02,DTK,Diamond Trust Bank Kenya Ltd,51.25,118.0,70.0,71.0,70.5,72.0,-1.5,-2.08%,1500.0,,70.5,37.5609756097561,40.25423728813559,-1.5,1.0,70.6,70.175,72.25,1.75,Buy
2025-12-03,DTK,Diamond Trust Bank Kenya Ltd,51.25,118.0,79.0,80.0,79.5,80.25,-0.75,-0.93%,5900.0,,79.5,55.1219512195122,32.6271186440678,-0.75,1.0,80.65,79.425,81.75,2.25,Buy
2025-12-05,DTK,Diamond Trust Bank Kenya Ltd,51.25,118.0,71.0,72.0,71.5,71.0,0.5,0.70%,6600.0,,71.5,39.51219512195122,39.40677966101695,0.5,1.0,71.45,72.775,71.25,-0.25,Hold
2025-12-06,DTK,Diamond Trust Bank Kenya Ltd,51.25,118.0,72.0,75.0,72.5,72.0,0.5,0.69%,52100.0,,72.5,41.46341463414634,38.559322033898304,0.5,3.0,72.1,72.05,72.5,0.0,Hold
2025-12-08,DTK,Diamond Trust Bank Kenya Ltd,51.25,109.25,80.0,81.0,80.75,79.75,1.0,1.25%,23871.0,,80.75,57.56097560975609,26.08695652173913,1.0,1.0,78.9,78.25,81.0,0.25,Hold
2025-11-09,DTK,Diamond Trust Bank Kenya Ltd,51.25,118.0,105.0,106.0,105.0,106.0,-1.0,-0.94%,199403.0,,105.0,104.8780487804878,11.016949152542372,-1.0,1.0,104.95,99.775,105.25,0.25,Hold
2025-12-09,DTK,Diamond Trust Bank Kenya Ltd,51.25,118.0,104.0,106.0,105.25,105.0,0.25,0.24%,18972.0,,105.25,105.3658536585366,10.805084745762713,0.25,2.0,105.2,101.325,105.0,-0.25,Hold
2025-12-02,EABL,East African Breweries Ltd,162.25,250.0,181.0,190.0,189.75,185.0,4.75,2.57%,76400.0,,189.75,16.94915254237288,24.1,4.75,9.0,185.8,183.825,184.5,-5.25,Sell
2025-12-03,EABL,East African Breweries Ltd,162.25,250.0,185.75,189.0,186.75,185.75,1.0,0.54%,177400.0,,186.75,15.10015408320493,25.3,1.0,3.25,188.2,187.3,189.25,2.5,Buy
2025-12-05,EABL,East African Breweries Ltd,162.25,250.0,175.0,175.0,175.0,174.25,0.75,0.43%,2000.0,,175.0,7.858243451463791,30.0,0.75,0.0,172.5,172.275,178.25,3.25,Buy
2025-12-06,EABL,East African Breweries Ltd,162.25,250.0,181.0,182.0,181.25,180.5,0.75,0.42%,4300.0,,181.25,11.710323574730356,27.500000000000004,0.75,1.0,181.55,180.425,181.0,-0.25,Hold
2025-12-08,EABL,East African Breweries Ltd,160.25,244.0,200.0,210.0,208.0,208.25,-0.25,-0.12%,122836.0,,208.0,29.797191887675503,14.754098360655735,-0.25,10.0,208.3,210.7,207.75,-0.25,Hold
2025-11-09,EABL,East African Breweries Ltd,162.25,250.0,221.75,224.5,224.25,224.75,-0.5,-0.22%,51213.0,,224.25,38.21263482280431,10.3,-0.5,2.75,223.35,222.1,223.0,-1.25,Sell
2025-12-09,EABL,East African Breweries Ltd,162.25,250.0,220.0,224.5,223.0,224.25,-1.25,-0.56%,20034.0,,223.0,37.442218798151,10.8,-1.25,4.5,223.55,222.575,223.5,0.5,Hold
2025-12-02,EGAD,Eaagads Ltd,10.8,24.1,13.0,13.0,13.0,13.0,,0.0,300.0,,13.0,20.370370370370363,46.058091286307054,0.0,0.0,12.73,12.77,13.0,0.0,Hold
2025-12-03,EGAD,Eaagads Ltd,10.8,24.1,12.8,12.9,12.85,11.75,1.1,9.36%,200.0,,12.85,18.98148148148147,46.68049792531121,1.0999999999999996,0.0999999999999996,12.45,12.36,12.9,0.05000000000000071,Hold
2025-12-05,EGAD,Eaagads Ltd,10.8,24.1,13.0,13.0,13.0,12.0,1.0,8.33%,1900.0,,13.0,20.370370370370363,46.058091286307054,1.0,0.0,12.5,12.4,13.0,0.0,Hold
2025-12-06,EGAD,Eaagads Ltd,10.8,24.1,12.45,12.45,12.45,12.45,,0.0,,,12.45,15.277777777777764,48.34024896265561,0.0,0.0,12.45,12.315,12.45,0.0,Hold
2025-12-08,EGAD,Eaagads Ltd,10.8,24.1,14.5,14.5,14.5,15.0,-0.5,-3.33%,1881.0,,14.5,34.25925925925925,39.83402489626556,-0.5,0.0,13.99,13.185,14.6,0.09999999999999964,Buy
2025-11-09,EGAD,Eaagads Ltd,10.8,24.1,19.0,21.0,19.05,20.5,-1.45,-7.07%,11742.0,,19.05,76.38888888888889,20.95435684647303,-1.4499999999999993,2.0,19.65,20.52,20.35,1.3000000000000007,Buy
2025-12-09,EGAD,Eaagads Ltd,10.8,24.1,18.0,20.5,20.35,19.05,1.3,6.82%,555.0,,20.35,88.42592592592592,15.560165975103734,1.3000000000000007,2.5,19.81,20.415,20.8,0.4499999999999993,Buy
2025-12-02,EQTY,Equity Group Holdings Plc,41.2,71.0,47.85,48.5,48.0,47.95,0.05,0.10%,39300.0,,48.0,16.50485436893203,32.3943661971831,0.0499999999999971,0.6499999999999986,48.05,47.975,47.55,-0.45000000000000284,Sell
2025-12-03,EQTY,Equity Group Holdings Plc,41.2,71.0,48.1,48.5,48.45,48.5,-0.05,-0.10%,34000.0,,48.45,17.597087378640776,31.76056338028169,-0.0499999999999971,0.3999999999999986,48.47,48.52,48.1,-0.3500000000000014,Sell
2025-12-05,EQTY,Equity Group Holdings Plc,41.2,71.0,46.8,47.5,47.45,47.4,0.05,0.11%,776500.0,,47.45,15.169902912621358,33.16901408450704,0.0500000000000042,0.7000000000000028,47.39,46.5,47.45,0.0,Hold
2025-12-06,EQTY,Equity Group Holdings Plc,41.2,71.0,45.1,46.45,46.0,45.45,0.55,1.21%,359600.0,,46.0,11.650485436893195,35.2112676056338,0.5499999999999972,1.3500000000000014,45.08,44.195,45.35,-0.6499999999999986,Sell
2025-12-08,EQTY,Equity Group Holdings Plc,41.2,60.75,51.0,53.75,52.75,52.0,0.75,1.44%,2696345.0,,52.75,28.033980582524265,13.168724279835391,0.75,2.75,52.15,51.275,54.0,1.25,Buy
2025-11-09,EQTY,Equity Group Holdings Plc,41.2,71.0,54.25,55.0,54.75,55.25,-0.5,-0.90%,475054.0,,54.75,32.888349514563096,22.88732394366197,-0.5,0.75,55.15,55.525,54.25,-0.5,Sell
2025-12-09,EQTY,Equity Group Holdings Plc,41.2,71.0,54.0,55.0,54.25,54.75,-0.5,-0.91%,298680.0,,54.25,31.67475728155339,23.591549295774648,-0.5,1.0,54.9,55.35,54.0,-0.25,Hold
2025-12-02,EVRD,Eveready East Africa Ltd,0.75,1.62,1.3,1.44,1.35,1.32,0.03,2.27%,8100.0,,1.35,80.00000000000001,16.666666666666664,0.03,0.1399999999999999,1.418,1.383,1.29,-0.06000000000000005,Sell
2025-12-03,EVRD,Eveready East Africa Ltd,0.75,1.62,1.21,1.32,1.25,1.32,-0.07,-5.30%,37400.0,,1.25,66.66666666666666,22.83950617283951,-0.07,0.1100000000000001,1.2840000000000005,1.294,1.21,-0.040000000000000036,Sell
2025-12-05,EVRD,Eveready East Africa Ltd,0.75,1.62,0.9,0.99,0.91,0.9,0.01,1.11%,313500.0,,0.91,21.333333333333336,43.82716049382716,0.01,0.0899999999999999,0.8420000000000002,0.925,0.94,0.029999999999999916,Buy
2025-12-06,EVRD,Eveready East Africa Ltd,0.75,1.62,0.85,0.89,0.88,0.85,0.03,3.53%,75700.0,,0.88,17.333333333333336,45.67901234567901,0.03,0.04,0.8700000000000001,0.8779999999999999,0.89,0.010000000000000009,Buy
2025-12-08,EVRD,Eveready East Africa Ltd,0.75,1.62,1.24,1.24,1.24,1.13,0.11,9.73%,224500.0,,1.24,65.33333333333333,23.456790123456795,0.1100000000000001,0.0,1.1040000000000003,1.029,1.35,0.1100000000000001,Buy
2025-11-09,EVRD,Eveready East Africa Ltd,0.75,1.62,1.3,1.42,1.35,1.38,-0.03,-2.17%,88705.0,,1.35,80.00000000000001,16.666666666666664,-0.0299999999999998,0.1199999999999998,1.35,1.37,1.34,-0.010000000000000009,Sell
2025-12-09,EVRD,Eveready East Africa Ltd,0.75,1.62,1.3,1.4,1.34,1.35,-0.01,-0.74%,32256.0,,1.34,78.66666666666667,17.283950617283953,-0.01,0.0999999999999998,1.358,1.364,1.32,-0.020000000000000018,Sell
2025-12-02,FTGH,Flame Tree Group Holdings Ltd,0.85,2.33,1.39,1.46,1.4,1.54,-0.14,-9.09%,281800.0,,1.4,64.70588235294117,39.91416309012876,-0.1400000000000001,0.07,1.7300000000000009,1.829,1.47,0.07000000000000006,Buy
2025-12-03,FTGH,Flame Tree Group Holdings Ltd,0.85,2.33,1.1,1.23,1.11,1.15,-0.04,-3.48%,111800.0,,1.11,30.58823529411766,52.36051502145922,-0.0399999999999998,0.1299999999999999,1.1460000000000006,1.172,1.21,0.09999999999999987,Buy
2025-12-05,FTGH,Flame Tree Group Holdings Ltd,0.85,2.33,1.2,1.23,1.21,1.2,0.01,0.83%,10800.0,,1.21,42.35294117647059,48.068669527897,0.01,0.03,1.1920000000000006,1.161,1.14,-0.07000000000000006,Sell
2025-12-06,FTGH,Flame Tree Group Holdings Ltd,0.85,2.33,1.14,1.2,1.18,1.2,-0.02,-1.67%,18100.0,,1.18,38.8235294117647,49.35622317596567,-0.02,0.06,1.1900000000000006,1.185,1.16,-0.020000000000000018,Sell
2025-12-08,FTGH,Flame Tree Group Holdings Ltd,0.85,2.33,1.16,1.28,1.23,1.28,-0.05,-3.91%,65438.0,,1.23,44.70588235294118,47.21030042918456,-0.05,0.1200000000000001,1.262000000000001,1.252,1.24,0.010000000000000009,Buy
2025-11-09,FTGH,Flame Tree Group Holdings Ltd,0.85,2.33,1.76,1.93,1.91,1.76,0.15,8.52%,617234.0,,1.91,124.70588235294116,18.02575107296138,0.1499999999999999,0.1699999999999999,1.6500000000000008,1.5530000000000002,1.91,0.0,Hold
2025-12-09,FTGH,Flame Tree Group Holdings Ltd,0.85,2.33,1.87,1.93,1.91,1.91,,0.0,291975.0,,1.91,124.70588235294116,18.02575107296138,0.0,0.0599999999999998,1.7360000000000009,1.588,1.79,-0.11999999999999988,Sell
2025-12-02,GLD,Absa Newgold Etf,3000.0,9800.0,3385.0,3385.0,3385.0,3385.0,,0.0,,,3385.0,12.833333333333332,65.4591836734694,0.0,0.0,3385.0,3322.5,3455.0,70.0,Buy
2025-12-03,GLD,Absa Newgold Etf,3000.0,9800.0,3455.0,3455.0,3455.0,3455.0,,0.0,,,3455.0,15.166666666666668,64.74489795918367,0.0,0.0,3455.0,3455.0,3455.0,0.0,Hold
2025-12-05,GLD,Absa Newgold Etf,3000.0,9800.0,3925.0,3925.0,3925.0,3925.0,,0.0,,,3925.0,30.833333333333336,59.94897959183674,0.0,0.0,3925.0,3932.5,3925.0,0.0,Hold
2025-12-06,GLD,Absa Newgold Etf,3000.0,9800.0,3910.0,3910.0,3910.0,3910.0,,0.0,,,3910.0,30.333333333333336,60.10204081632653,0.0,0.0,3910.0,3910.0,3910.0,0.0,Hold
2025-12-08,GLD,Absa Newgold Etf,3000.0,9800.0,3985.0,3985.0,3985.0,3985.0,,0.0,,,3985.0,32.83333333333333,59.336734693877546,0.0,0.0,3985.0,4032.5,3985.0,0.0,Hold
2025-11-09,GLD,Absa Newgold Etf,3000.0,9800.0,4370.0,4400.0,4380.0,4390.0,-10.0,-0.23%,106.0,,4380.0,46.0,55.30612244897959,-10.0,30.0,4344.0,4264.0,4390.0,10.0,Hold
2025-12-09,GLD,Absa Newgold Etf,3000.0,9800.0,4390.0,4390.0,4390.0,4380.0,10.0,0.23%,10000.0,,4390.0,46.33333333333333,55.20408163265306,10.0,0.0,4367.0,4292.5,4390.0,0.0,Hold
2025-12-02,HAFR,Home Afrika Ltd,0.33,1.83,0.95,0.95,0.95,1.05,-0.1,-9.52%,182800.0,,0.95,187.87878787878785,48.08743169398908,-0.1,0.0,1.0180000000000002,0.8870000000000001,0.86,-0.08999999999999997,Sell
2025-12-03,HAFR,Home Afrika Ltd,0.33,1.83,0.81,0.84,0.82,0.81,0.01,1.23%,504200.0,,0.82,148.48484848484847,55.1912568306011,0.0099999999999998,0.0299999999999999,0.8300000000000001,0.8480000000000001,0.78,-0.039999999999999925,Sell
2025-12-05,HAFR,Home Afrika Ltd,0.33,1.83,0.62,0.69,0.63,0.66,-0.03,-4.55%,132700.0,,0.63,90.9090909090909,65.57377049180329,-0.03,0.0699999999999999,0.6840000000000002,0.716,0.65,0.020000000000000018,Buy
2025-12-06,HAFR,Home Afrika Ltd,0.33,1.83,0.68,0.72,0.71,0.72,-0.01,-1.39%,58400.0,,0.71,115.15151515151514,61.20218579234973,-0.01,0.0399999999999999,0.6960000000000001,0.645,0.68,-0.029999999999999916,Sell
2025-12-08,HAFR,Home Afrika Ltd,0.3,1.83,0.64,0.65,0.64,0.62,0.02,3.23%,273114.0,,0.64,113.33333333333336,65.02732240437157,0.02,0.01,0.6400000000000001,0.633,0.65,0.010000000000000009,Buy
2025-11-09,HAFR,Home Afrika Ltd,0.33,1.83,1.61,1.83,1.77,1.67,0.1,5.99%,1191215.0,,1.77,436.3636363636363,3.2786885245901667,0.1,0.2199999999999999,1.57,1.314,1.69,-0.08000000000000007,Sell
2025-12-09,HAFR,Home Afrika Ltd,0.33,1.83,1.62,1.75,1.69,1.77,-0.08,-4.52%,1164694.0,,1.69,412.121212121212,7.650273224043723,-0.08,0.1299999999999999,1.638,1.395,1.66,-0.030000000000000027,Sell
2025-12-02,HFCK,Hf Group Ltd,3.32,11.4,7.62,8.0,7.7,8.02,-0.32,-3.99%,43900.0,,7.7,131.92771084337352,32.45614035087719,-0.3199999999999994,0.3799999999999999,7.944000000000001,7.614,7.96,0.2599999999999998,Buy
2025-12-03,HFCK,Hf Group Ltd,3.32,11.4,7.16,7.8,7.36,7.84,-0.48,-6.12%,72300.0,,7.36,121.68674698795184,35.43859649122807,-0.4799999999999995,0.6399999999999997,7.652000000000001,7.818,7.44,0.08000000000000007,Buy
2025-12-05,HFCK,Hf Group Ltd,3.32,11.4,5.3,5.9,5.4,5.6,-0.2,-3.57%,22000.0,,5.4,62.65060240963858,52.63157894736842,-0.1999999999999993,0.6000000000000005,5.708000000000001,5.92,5.8,0.39999999999999947,Buy
2025-12-06,HFCK,Hf Group Ltd,3.32,11.4,6.3,7.0,6.72,6.66,0.06,0.90%,39800.0,,6.72,102.40963855421688,41.05263157894738,0.0599999999999996,0.7000000000000002,6.668000000000001,6.676,6.72,0.0,Hold
2025-12-08,HFCK,Hf Group Ltd,3.32,11.4,7.68,8.24,8.04,7.5,0.54,7.20%,762222.0,,8.04,142.16867469879514,29.47368421052633,0.5399999999999991,0.5600000000000005,7.5,7.552,8.84,0.8000000000000007,Buy
2025-11-09,HFCK,Hf Group Ltd,3.32,11.4,10.9,11.15,11.0,10.95,0.05,0.46%,1019372.0,,11.0,231.32530120481923,3.5087719298245648,0.0500000000000007,0.25,10.99,10.599,11.0,0.0,Hold
2025-12-09,HFCK,Hf Group Ltd,3.32,11.4,10.95,11.15,11.0,11.0,,0.0,1284945.0,,11.0,231.32530120481923,3.5087719298245648,0.0,0.200000000000001,10.99,10.741,11.0,0.0,Hold
2025-12-02,IMH,I & M Holdings Plc,28.0,46.2,35.6,36.0,35.95,35.65,0.3,0.84%,126000.0,,35.95,28.392857142857157,22.186147186147185,0.3000000000000042,0.3999999999999986,35.59,35.135,35.95,0.0,Hold
2025-12-03,IMH,I & M Holdings Plc,28.0,46.2,35.55,36.0,35.95,36.0,-0.05,-0.14%,64800.0,,35.95,28.392857142857157,22.186147186147185,-0.0499999999999971,0.4500000000000028,36.02,35.985,35.75,-0.20000000000000284,Sell
2025-12-05,IMH,I & M Holdings Plc,28.0,46.2,29.7,30.0,30.0,30.0,,0.0,116900.0,,30.0,7.142857142857142,35.06493506493507,0.0,0.3000000000000007,30.190000000000005,30.34500000000001,30.15,0.14999999999999858,Hold
2025-12-06,IMH,I & M Holdings Plc,28.0,46.2,33.75,34.0,33.9,34.0,-0.1,-0.29%,434600.0,,33.9,21.07142857142857,26.623376623376632,-0.1000000000000014,0.25,33.97,33.985,34.0,0.10000000000000142,Hold
2025-12-08,IMH,I & M Holdings Plc,24.75,44.8,37.25,38.5,38.4,38.75,-0.35,-0.90%,57642.0,,38.4,55.15151515151514,14.285714285714285,-0.3500000000000014,1.25,37.59,37.17,38.3,-0.10000000000000142,Hold
2025-11-09,IMH,I & M Holdings Plc,28.0,46.2,43.65,44.8,44.25,44.0,0.25,0.57%,320663.0,,44.25,58.03571428571429,4.220779220779226,0.25,1.1499999999999986,42.34,40.99,43.75,-0.5,Sell
2025-12-09,IMH,I & M Holdings Plc,28.0,46.2,43.5,43.95,43.75,44.25,-0.5,-1.13%,45822.0,,43.75,56.25,5.303030303030309,-0.5,0.4500000000000028,43.06,41.5,43.55,-0.20000000000000284,Hold
2025-12-02,JUB,Jubilee Holdings Ltd,162.0,335.5,199.75,200.75,200.0,200.0,,0.0,100700.0,,200.0,23.456790123456788,40.38748137108793,0.0,1.0,200.0,199.95,200.0,0.0,Hold
2025-12-03,JUB,Jubilee Holdings Ltd,162.0,335.5,214.0,224.5,219.5,216.0,3.5,1.62%,400.0,,219.5,35.49382716049383,34.575260804769,3.5,10.5,213.7,212.525,221.25,1.75,Buy
2025-12-05,JUB,Jubilee Holdings Ltd,162.0,335.5,205.0,205.0,205.0,205.0,,0.0,6500.0,,205.0,26.54320987654321,38.89716840536513,0.0,0.0,203.6,201.275,206.0,1.0,Hold
2025-12-06,JUB,Jubilee Holdings Ltd,162.0,335.5,210.0,223.0,211.25,220.0,-8.75,-3.98%,1000.0,,211.25,30.40123456790124,37.034277198211626,-8.75,13.0,217.7,221.35,211.25,0.0,Hold
2025-12-08,JUB,Jubilee Holdings Ltd,160.25,335.5,270.0,290.0,274.5,269.75,4.75,1.76%,98.0,,274.5,71.29485179407176,18.181818181818183,4.75,20.0,266.75,258.425,275.75,1.25,Hold
2025-11-09,JUB,Jubilee Holdings Ltd,162.0,335.5,306.0,310.0,306.5,318.0,-11.5,-3.62%,12459.0,,306.5,89.19753086419753,8.64381520119225,-11.5,4.0,312.05,305.5,310.75,4.25,Buy
2025-12-09,JUB,Jubilee Holdings Ltd,162.0,335.5,308.25,320.0,310.75,306.5,4.25,1.39%,8244.0,,310.75,91.820987654321,7.377049180327869,4.25,11.75,313.15,307.125,320.0,9.25,Buy
2025-12-02,KAPC,Kapchorua Tea Kenya Plc,198.0,424.25,240.0,240.0,240.0,240.0,,0.0,,,240.0,21.21212121212121,43.42958161461403,0.0,0.0,240.0,239.875,240.0,0.0,Hold
2025-12-03,KAPC,Kapchorua Tea Kenya Plc,198.0,424.25,221.5,221.5,221.5,221.5,,0.0,,,221.5,11.868686868686869,47.79021803182086,0.0,0.0,221.5,225.25,222.0,0.5,Hold
2025-12-05,KAPC,Kapchorua Tea Kenya Plc,198.0,424.25,200.0,200.0,200.0,200.0,,0.0,,,200.0,1.0101010101010102,52.85798467884501,0.0,0.0,200.5,204.425,200.0,0.0,Hold
2025-12-06,KAPC,Kapchorua Tea Kenya Plc,198.0,424.25,210.0,220.0,213.25,220.0,-6.75,-3.07%,900.0,,213.25,7.7020202020202015,49.7348261638185,-6.75,10.0,218.65,214.975,220.0,6.75,Buy
2025-12-08,KAPC,Kapchorua Tea Kenya Plc,200.0,424.25,320.0,340.0,325.5,319.25,6.25,1.96%,608.0,,325.5,62.74999999999999,23.27637006482027,6.25,20.0,319.1,320.4,326.5,1.0,Hold
2025-11-09,KAPC,Kapchorua Tea Kenya Plc,198.0,424.25,326.75,327.0,327.0,326.25,0.75,0.23%,412.0,,327.0,65.15151515151516,22.922804949911608,0.75,0.25,325.5,323.0,327.0,0.0,Hold
2025-12-09,KAPC,Kapchorua Tea Kenya Plc,198.0,424.25,327.0,327.0,327.0,327.0,,0.0,750.0,,327.0,65.15151515151516,22.922804949911608,0.0,0.0,325.55,323.0,326.75,-0.25,Hold
2025-12-02,KCB,Kcb Group Plc,35.0,72.5,44.6,45.0,44.9,45.15,-0.25,-0.55%,133900.0,,44.9,28.28571428571428,38.06896551724138,-0.25,0.3999999999999986,45.03,44.475,45.05,0.14999999999999858,Hold
2025-12-03,KCB,Kcb Group Plc,35.0,72.5,43.9,44.45,44.1,44.45,-0.35,-0.79%,1454300.0,,44.1,26.000000000000007,39.172413793103445,-0.3500000000000014,0.5500000000000043,44.46,44.565000000000005,40.1,-4.0,Sell
2025-12-05,KCB,Kcb Group Plc,35.0,72.5,38.35,38.55,38.45,38.5,-0.05,-0.13%,331400.0,,38.45,9.857142857142868,46.96551724137931,-0.0499999999999971,0.1999999999999957,38.5,38.46,39.9,1.4499999999999957,Buy
2025-12-06,KCB,Kcb Group Plc,35.0,72.5,43.5,45.25,44.3,43.5,0.8,1.84%,1465700.0,,44.3,26.57142857142856,38.896551724137936,0.7999999999999972,1.75,43.52,43.02,44.55,0.25,Buy
2025-12-08,KCB,Kcb Group Plc,35.0,58.5,48.3,48.75,48.5,48.35,0.15,0.31%,1142044.0,,48.5,38.57142857142858,17.094017094017094,0.1499999999999985,0.4500000000000028,48.15,47.7,49.35,0.8500000000000014,Buy
2025-11-09,KCB,Kcb Group Plc,35.0,72.5,52.5,54.0,53.0,52.25,0.75,1.44%,5376659.0,,53.0,51.42857142857142,26.89655172413793,0.75,1.5,51.85,52.6,53.0,0.0,Hold
2025-12-09,KCB,Kcb Group Plc,35.0,72.5,52.5,53.5,53.0,53.0,,0.0,2331286.0,,53.0,51.42857142857142,26.89655172413793,0.0,1.0,52.25,52.475,53.0,0.0,Hold
2025-12-02,KEGN,Kenya Electricity Generating Company Plc,3.3,10.75,4.45,4.6,4.48,4.46,0.02,0.45%,1073400.0,,4.48,35.75757575757578,58.325581395348834,0.0200000000000004,0.1499999999999994,4.484,4.457,4.5,0.019999999999999574,Hold
2025-12-03,KEGN,Kenya Electricity Generating Company Plc,3.3,10.75,5.02,5.18,5.14,5.18,-0.04,-0.77%,388000.0,,5.14,55.757575757575765,52.18604651162792,-0.04,0.1600000000000001,5.188,5.095999999999999,5.0,-0.13999999999999968,Sell
2025-12-05,KEGN,Kenya Electricity Generating Company Plc,3.3,10.75,4.83,4.9,4.86,4.88,-0.02,-0.41%,2822400.0,,4.86,47.27272727272729,54.7906976744186,-0.0199999999999995,0.0700000000000002,4.859999999999999,4.878,4.91,0.04999999999999982,Buy
2025-12-06,KEGN,Kenya Electricity Generating Company Plc,3.3,10.75,5.16,5.6,5.42,5.16,0.26,5.04%,2808500.0,,5.42,64.24242424242425,49.58139534883721,0.2599999999999998,0.4399999999999995,5.116,5.037,5.52,0.09999999999999964,Buy
2025-12-08,KEGN,Kenya Electricity Generating Company Plc,3.08,10.4,7.32,7.46,7.4,7.44,-0.04,-0.54%,467672.0,,7.4,140.25974025974023,28.846153846153843,-0.04,0.1399999999999996,7.388000000000001,7.346000000000001,7.4,0.0,Hold
2025-11-09,KEGN,Kenya Electricity Generating Company Plc,3.3,10.75,9.52,10.0,9.86,10.0,-0.14,-1.40%,1265309.0,,9.86,198.7878787878788,8.279069767441866,-0.1400000000000005,0.4800000000000004,9.962,9.759,9.56,-0.29999999999999893,Sell
2025-12-09,KEGN,Kenya Electricity Generating Company Plc,3.3,10.75,9.5,9.88,9.56,9.86,-0.3,-3.04%,1525604.0,,9.56,189.6969696969697,11.06976744186046,-0.2999999999999989,0.3800000000000008,9.914,9.839,9.92,0.35999999999999943,Buy
2025-12-02,KNRE,Kenya Re-Insurance Corporation Ltd,1.05,3.77,1.65,1.7,1.66,1.68,-0.02,-1.19%,1718600.0,,1.66,58.09523809523808,55.96816976127322,-0.02,0.05,1.6779999999999995,1.671,1.68,0.020000000000000018,Buy
2025-12-03,KNRE,Kenya Re-Insurance Corporation Ltd,1.05,3.77,1.88,2.0,1.93,1.95,-0.02,-1.03%,3199100.0,,1.93,83.8095238095238,48.80636604774536,-0.02,0.1200000000000001,1.9139999999999997,1.863,1.92,-0.010000000000000009,Sell
2025-12-05,KNRE,Kenya Re-Insurance Corporation Ltd,1.05,3.77,1.7,1.85,1.81,1.78,0.03,1.69%,502600.0,,1.81,72.38095238095238,51.9893899204244,0.03,0.1500000000000001,1.733999999999999,1.664,1.78,-0.030000000000000027,Sell
2025-12-06,KNRE,Kenya Re-Insurance Corporation Ltd,1.05,3.77,1.8,1.87,1.83,1.83,,0.0,3292500.0,,1.83,74.28571428571429,51.45888594164456,0.0,0.07,1.8479999999999996,1.828,1.86,0.030000000000000027,Buy
2025-12-08,KNRE,Kenya Re-Insurance Corporation Ltd,1.05,3.77,2.21,2.3,2.27,2.24,0.03,1.34%,542047.0,,2.27,116.19047619047618,39.78779840848807,0.0299999999999998,0.0899999999999998,2.2419999999999995,2.228,2.26,-0.010000000000000231,Hold
2025-11-09,KNRE,Kenya Re-Insurance Corporation Ltd,1.05,3.77,3.3,3.59,3.46,3.6,-0.14,-3.89%,4061061.0,,3.46,229.52380952380952,8.222811671087534,-0.1400000000000001,0.29,3.3039999999999994,3.33,3.33,-0.1299999999999999,Sell
2025-12-09,KNRE,Kenya Re-Insurance Corporation Ltd,1.05,3.77,3.12,3.5,3.33,3.46,-0.13,-3.76%,2541665.0,,3.33,217.1428571428572,11.671087533156497,-0.1299999999999999,0.3799999999999999,3.3359999999999994,3.364,3.4,0.06999999999999984,Buy
2025-12-02,KPLC,Kenya Power And Lighting Company Plc,3.1,15.8,6.6,7.0,6.76,6.66,0.1,1.50%,525000.0,,6.76,118.06451612903224,57.21518987341773,0.0999999999999996,0.4000000000000003,6.843999999999999,6.968000000000001,6.76,0.0,Hold
2025-12-03,KPLC,Kenya Power And Lighting Company Plc,3.1,15.8,6.6,6.8,6.76,6.8,-0.04,-0.59%,244400.0,,6.76,118.06451612903224,57.21518987341773,-0.04,0.2000000000000001,6.764,6.82,6.52,-0.2400000000000002,Sell
2025-12-05,KPLC,Kenya Power And Lighting Company Plc,3.1,15.8,6.5,7.3,7.16,6.88,0.28,4.07%,1339700.0,,7.16,130.96774193548387,54.68354430379747,0.2800000000000002,0.7999999999999998,6.608,6.452,6.98,-0.17999999999999972,Sell
2025-12-06,KPLC,Kenya Power And Lighting Company Plc,3.1,15.8,8.24,8.8,8.38,8.22,0.16,1.95%,2167000.0,,8.38,170.32258064516134,46.962025316455694,0.1600000000000001,0.5600000000000005,8.512,8.218,8.72,0.33999999999999986,Buy
2025-12-08,KPLC,Kenya Power And Lighting Company Plc,3.1,15.8,11.05,11.5,11.25,11.3,-0.05,-0.44%,431351.0,,11.25,262.9032258064516,28.797468354430386,-0.0500000000000007,0.4499999999999993,11.32,11.29,11.05,-0.1999999999999993,Sell
2025-11-09,KPLC,Kenya Power And Lighting Company Plc,3.1,15.8,13.8,14.7,14.3,14.55,-0.25,-1.72%,2213023.0,,14.3,361.2903225806452,9.493670886075948,-0.25,0.8999999999999986,14.19,14.0,14.4,0.09999999999999964,Buy
2025-12-09,KPLC,Kenya Power And Lighting Company Plc,3.1,15.8,14.0,14.65,14.4,14.3,0.1,0.70%,802946.0,,14.4,364.5161290322581,8.860759493670887,0.0999999999999996,0.6500000000000004,14.37,14.16,14.5,0.09999999999999964,Buy
2025-12-02,KQ,Kenya Airways Plc,1.56,9.18,5.22,5.46,5.32,5.38,-0.06,-1.12%,593700.0,,5.32,241.02564102564105,42.0479302832244,-0.0599999999999996,0.2400000000000002,5.4,5.408,5.34,0.019999999999999574,Hold
2025-12-03,KQ,Kenya Airways Plc,1.56,9.18,5.3,5.48,5.34,5.44,-0.1,-1.84%,123600.0,,5.34,242.3076923076923,41.830065359477125,-0.1000000000000005,0.1800000000000006,5.436000000000001,5.46,5.3,-0.040000000000000036,Sell
2025-12-05,KQ,Kenya Airways Plc,1.56,9.18,4.09,4.3,4.18,4.14,0.04,0.97%,26300.0,,4.18,167.94871794871793,54.46623093681917,0.04,0.2099999999999999,4.138,4.196,4.19,0.010000000000000675,Hold
2025-12-06,KQ,Kenya Airways Plc,1.56,9.18,4.6,5.0,4.82,4.83,-0.01,-0.21%,129800.0,,4.82,208.97435897435895,47.49455337690631,-0.0099999999999997,0.4000000000000003,4.723999999999999,4.627000000000001,4.98,0.16000000000000014,Buy
2025-12-08,KQ,Kenya Airways Plc,1.56,9.18,4.7,4.85,4.78,4.88,-0.1,-2.05%,510499.0,,4.78,206.41025641025644,47.93028322440087,-0.0999999999999996,0.1499999999999994,4.8740000000000006,4.95,4.76,-0.020000000000000462,Hold
2025-11-09,KQ,Kenya Airways Plc,1.56,9.18,4.29,4.37,4.37,4.36,0.01,0.23%,169502.0,,4.37,180.12820512820514,52.39651416122004,0.0099999999999997,0.08,4.305999999999999,4.013,4.34,-0.03000000000000025,Sell
2025-12-09,KQ,Kenya Airways Plc,1.56,9.18,4.3,4.37,4.34,4.37,-0.03,-0.69%,249247.0,,4.34,178.2051282051282,52.72331154684096,-0.0300000000000002,0.0700000000000002,4.369999999999999,4.073,4.29,-0.04999999999999982,Sell
2025-12-02,KUKZ,Kakuzi Plc,365.0,440.0,396.0,396.0,396.0,400.0,-4.0,-1.00%,200.0,,396.0,8.493150684931507,10.0,-4.0,0.0,405.2,418.4,396.0,0.0,Hold
2025-12-03,KUKZ,Kakuzi Plc,365.0,440.0,400.0,400.0,400.0,400.0,,0.0,100.0,,400.0,9.58904109589041,9.090909090909092,0.0,0.0,404.0,407.0,400.0,0.0,Hold
2025-12-05,KUKZ,Kakuzi Plc,365.0,440.0,440.0,440.0,440.0,440.0,,0.0,100.0,,440.0,20.54794520547945,0.0,0.0,0.0,422.6,425.5,439.0,-1.0,Hold
2025-12-06,KUKZ,Kakuzi Plc,365.0,440.0,400.0,400.0,400.0,365.0,35.0,9.59%,600.0,,400.0,9.58904109589041,9.090909090909092,35.0,0.0,372.0,368.5,400.0,0.0,Hold
2025-12-08,KUKZ,Kakuzi Plc,365.0,440.0,400.0,400.0,400.0,400.0,,0.0,229.0,,400.0,9.58904109589041,9.090909090909092,0.0,0.0,417.6,428.3,385.75,-14.25,Sell
2025-11-09,KUKZ,Kakuzi Plc,365.0,440.0,385.0,422.0,388.5,422.0,-33.5,-7.94%,1158.0,,388.5,6.438356164383562,11.704545454545457,-33.5,37.0,409.0,399.75,422.0,33.5,Buy
2025-12-09,KUKZ,Kakuzi Plc,365.0,440.0,422.0,422.0,422.0,388.5,33.5,8.62%,12.0,,422.0,15.616438356164384,4.090909090909091,33.5,0.0,415.4,403.25,395.5,-26.5,Sell
2025-12-02,LAPR,Laptrust Imara Income-Reit,20.0,20.0,20.0,20.0,20.0,20.0,,0.0,,,20.0,0.0,0.0,0.0,0.0,20.0,20.0,20.0,0.0,Hold
2025-12-03,LAPR,Laptrust Imara Income-Reit,20.0,20.0,20.0,20.0,20.0,20.0,,0.0,,,20.0,0.0,0.0,0.0,0.0,20.0,20.0,20.0,0.0,Hold
2025-12-05,LAPR,Laptrust Imara Income-Reit,20.0,20.0,20.0,20.0,20.0,20.0,,0.0,,,20.0,0.0,0.0,0.0,0.0,20.0,20.0,20.0,0.0,Hold
2025-12-06,LAPR,Laptrust Imara Income-Reit,20.0,20.0,20.0,20.0,20.0,20.0,,0.0,,,20.0,0.0,0.0,0.0,0.0,20.0,20.0,20.0,0.0,Hold
2025-12-08,LAPR,Laptrust Imara Income-Reit,20.0,20.0,20.0,20.0,20.0,20.0,,0.0,,,20.0,0.0,0.0,0.0,0.0,20.0,20.0,20.0,0.0,Hold
2025-11-09,LAPR,Laptrust Imara Income-Reit,20.0,20.0,20.0,20.0,20.0,20.0,,0.0,,,20.0,0.0,0.0,0.0,0.0,20.0,20.0,20.0,0.0,Hold
2025-12-09,LAPR,Laptrust Imara Income-Reit,20.0,20.0,20.0,20.0,20.0,20.0,,0.0,,,20.0,0.0,0.0,0.0,0.0,20.0,20.0,20.0,0.0,Hold
2025-12-02,LBTY,Liberty Kenya Holdings Ltd,5.82,12.2,7.98,7.98,7.98,7.96,0.02,0.25%,200.0,,7.98,37.11340206185567,34.59016393442622,0.0200000000000004,0.0,7.484000000000002,7.101999999999999,7.98,0.0,Hold
2025-12-03,LBTY,Liberty Kenya Holdings Ltd,5.82,12.2,7.6,7.6,7.6,7.5,0.1,1.33%,2700.0,,7.6,30.58419243986253,37.704918032786885,0.0999999999999996,0.0,7.600000000000001,7.523999999999999,7.98,0.3800000000000008,Buy
2025-12-05,LBTY,Liberty Kenya Holdings Ltd,5.82,12.2,11.0,11.5,11.45,11.45,,0.0,2278900.0,,11.45,96.7353951890034,6.147540983606558,0.0,0.5,11.43,11.56,11.4,-0.049999999999998934,Hold
2025-12-06,LBTY,Liberty Kenya Holdings Ltd,5.82,12.2,10.7,11.5,11.25,10.5,0.75,7.14%,46800.0,,11.25,93.29896907216494,7.786885245901634,0.75,0.8000000000000007,10.91,11.02,10.55,-0.6999999999999993,Sell
2025-12-08,LBTY,Liberty Kenya Holdings Ltd,5.82,12.2,10.9,11.5,11.15,10.9,0.25,2.29%,2494.0,,11.15,91.5807560137457,8.606557377049171,0.25,0.5999999999999996,10.6,10.7,11.35,0.1999999999999993,Buy
2025-11-09,LBTY,Liberty Kenya Holdings Ltd,5.82,12.2,11.0,11.1,11.05,11.1,-0.05,-0.45%,7606.0,,11.05,89.86254295532646,9.426229508196707,-0.0499999999999989,0.0999999999999996,11.150000000000002,11.005,11.0,-0.05000000000000071,Hold
2025-12-09,LBTY,Liberty Kenya Holdings Ltd,5.82,12.2,10.8,11.1,11.0,11.05,-0.05,-0.45%,34667.0,,11.0,89.00343642611683,9.836065573770489,-0.0500000000000007,0.2999999999999989,11.150000000000002,11.015,11.0,0.0,Hold
2025-12-02,LIMT,Limuru Tea Plc,295.0,423.5,299.0,299.0,299.0,301.0,-2.0,-0.66%,100.0,,299.0,1.3559322033898304,29.39787485242031,-2.0,0.0,306.4,318.2,299.0,0.0,Hold
2025-12-03,LIMT,Limuru Tea Plc,295.0,423.5,320.0,320.0,320.0,320.0,,0.0,,,320.0,8.47457627118644,24.439197166469896,0.0,0.0,308.0,304.95,320.0,0.0,Hold
2025-12-05,LIMT,Limuru Tea Plc,295.0,423.5,320.0,320.0,320.0,320.0,,0.0,,,320.0,8.47457627118644,24.439197166469896,0.0,0.0,320.0,320.0,320.0,0.0,Hold
2025-12-06,LIMT,Limuru Tea Plc,295.0,423.5,320.0,320.0,320.0,320.0,,0.0,,,320.0,8.47457627118644,24.439197166469896,0.0,0.0,320.0,320.0,320.0,0.0,Hold
2025-12-08,LIMT,Limuru Tea Plc,295.0,380.0,310.0,311.0,310.25,310.0,0.25,0.08%,300.0,,310.25,5.169491525423728,18.355263157894736,0.25,1.0,310.05,310.025,310.25,0.0,Hold
2025-11-09,LIMT,Limuru Tea Plc,295.0,423.5,310.0,310.0,310.0,310.0,,0.0,,,310.0,5.084745762711865,26.80047225501771,0.0,0.0,310.0,310.075,310.0,0.0,Hold
2025-12-09,LIMT,Limuru Tea Plc,295.0,423.5,310.0,310.0,310.0,310.0,,0.0,,,310.0,5.084745762711865,26.80047225501771,0.0,0.0,310.0,310.05,310.0,0.0,Hold
2025-12-02,LKL,Longhorn Publishers Plc,2.1,3.47,3.25,3.29,3.25,3.03,0.22,7.26%,15700.0,,3.25,54.76190476190476,6.340057636887614,0.2200000000000002,0.04,3.1380000000000017,3.04,3.2,-0.04999999999999982,Sell
2025-12-03,LKL,Longhorn Publishers Plc,2.1,3.47,3.05,3.05,3.05,2.8,0.25,8.93%,400.0,,3.05,45.23809523809522,12.103746397694534,0.25,0.0,2.884000000000001,3.002,3.0,-0.04999999999999982,Sell
2025-12-05,LKL,Longhorn Publishers Plc,2.1,3.47,2.4,2.4,2.4,2.4,,0.0,100.0,,2.4,14.285714285714276,30.83573487031701,0.0,0.0,2.4200000000000013,2.571,2.64,0.2400000000000002,Buy
2025-12-06,LKL,Longhorn Publishers Plc,2.1,3.47,2.5,2.6,2.56,2.7,-0.14,-5.19%,500.0,,2.56,21.9047619047619,26.22478386167148,-0.1400000000000001,0.1,2.552000000000002,2.598,2.7,0.14000000000000012,Buy
2025-12-08,LKL,Longhorn Publishers Plc,2.1,3.47,2.78,3.0,2.94,2.95,-0.01,-0.34%,2602.0,,2.94,39.99999999999999,15.273775216138336,-0.0100000000000002,0.2200000000000002,2.786000000000002,2.677,2.85,-0.08999999999999986,Sell
2025-11-09,LKL,Longhorn Publishers Plc,2.1,3.47,2.75,2.98,2.94,3.0,-0.06,-2.00%,20777.0,,2.94,39.99999999999999,15.273775216138336,-0.06,0.2299999999999999,2.942000000000001,2.964,2.86,-0.08000000000000007,Sell
2025-12-09,LKL,Longhorn Publishers Plc,2.1,3.47,2.71,2.9,2.86,2.94,-0.08,-2.72%,17993.0,,2.86,36.190476190476176,17.579250720461104,-0.08,0.1899999999999999,2.9160000000000017,2.951,2.94,0.08000000000000007,Buy
2025-12-02,MSC,Mumias Sugar Company Ltd,0.27,0.27,0.27,0.27,0.27,0.27,,0.0,,,0.27,0.0,0.0,0.0,0.0,0.27,0.27,0.27,0.0,Hold
2025-12-03,MSC,Mumias Sugar Company Ltd,0.27,0.27,0.27,0.27,0.27,0.27,,0.0,,,0.27,0.0,0.0,0.0,0.0,0.27,0.27,0.27,0.0,Hold
2025-12-05,MSC,Mumias Sugar Company Ltd,0.27,0.27,0.27,0.27,0.27,0.27,,0.0,,,0.27,0.0,0.0,0.0,0.0,0.27,0.27,0.27,0.0,Hold
2025-12-06,MSC,Mumias Sugar Company Ltd,0.27,0.27,0.27,0.27,0.27,0.27,,0.0,,,0.27,0.0,0.0,0.0,0.0,0.27,0.27,0.27,0.0,Hold
2025-12-08,MSC,Mumias Sugar Company Ltd,0.27,0.27,0.27,0.27,0.27,0.27,,0.0,,,0.27,0.0,0.0,0.0,0.0,0.27,0.27,0.27,0.0,Hold
2025-11-09,MSC,Mumias Sugar Company Ltd,0.27,0.27,0.27,0.27,0.27,0.27,,0.0,,,0.27,0.0,0.0,0.0,0.0,0.27,0.27,0.27,0.0,Hold
2025-12-09,MSC,Mumias Sugar Company Ltd,0.27,0.27,0.27,0.27,0.27,0.27,,0.0,,,0.27,0.0,0.0,0.0,0.0,0.27,0.27,0.27,0.0,Hold
2025-12-02,NBV,Nairobi Business Ventures Ltd,1.48,2.31,2.12,2.15,2.12,2.12,,0.0,1500.0,,2.12,43.24324324324325,8.225108225108222,0.0,0.0299999999999998,2.098,2.087,2.13,0.009999999999999787,Hold
2025-12-03,NBV,Nairobi Business Ventures Ltd,1.48,2.31,1.95,2.11,2.09,1.95,0.14,7.18%,57400.0,,2.09,41.2162162162162,9.52380952380953,0.1399999999999999,0.1599999999999999,2.048,2.057,2.05,-0.040000000000000036,Sell
2025-12-05,NBV,Nairobi Business Ventures Ltd,1.48,2.31,1.76,2.0,1.78,1.86,-0.08,-4.30%,7000.0,,1.78,20.270270270270277,22.943722943722943,-0.08,0.24,1.914,1.935,1.89,0.10999999999999988,Buy
2025-12-06,NBV,Nairobi Business Ventures Ltd,1.48,2.31,1.95,1.96,1.95,1.8,0.15,8.33%,25400.0,,1.95,31.756756756756754,15.58441558441559,0.1499999999999999,0.01,1.862,1.885,1.95,0.0,Hold
2025-12-08,NBV,Nairobi Business Ventures Ltd,1.5,2.31,1.7,1.83,1.78,1.71,0.07,4.09%,36225.0,,1.78,18.666666666666668,22.943722943722943,0.07,0.1300000000000001,1.7279999999999998,1.755,1.77,-0.010000000000000009,Sell
2025-11-09,NBV,Nairobi Business Ventures Ltd,1.48,2.31,1.6,1.79,1.63,1.66,-0.03,-1.81%,320428.0,,1.63,10.135135135135128,29.437229437229444,-0.03,0.1899999999999999,1.626,1.618,1.65,0.020000000000000018,Buy
2025-12-09,NBV,Nairobi Business Ventures Ltd,1.48,2.31,1.58,1.75,1.65,1.63,0.02,1.23%,154602.0,,1.65,11.486486486486482,28.571428571428577,0.02,0.1699999999999999,1.6299999999999997,1.621,1.65,0.0,Hold
2025-12-02,NCBA,Ncba Group Plc,40.0,100.0,49.1,50.0,49.8,49.75,0.05,0.10%,21000.0,,49.8,24.499999999999996,50.2,0.0499999999999971,0.8999999999999986,48.75,48.565,49.8,0.0,Hold
2025-12-03,NCBA,Ncba Group Plc,40.0,100.0,50.0,52.0,50.25,50.75,-0.5,-0.99%,99000.0,,50.25,25.625,49.75,-0.5,2.0,51.6,51.25,50.25,0.0,Hold
2025-12-05,NCBA,Ncba Group Plc,40.0,100.0,48.5,50.0,49.4,49.0,0.4,0.82%,3800.0,,49.4,23.5,50.6,0.3999999999999986,1.5,49.11,50.68,48.8,-0.6000000000000014,Sell
2025-12-06,NCBA,Ncba Group Plc,40.0,100.0,54.5,55.75,55.0,54.25,0.75,1.38%,55000.0,,55.0,37.5,45.0,0.75,1.25,54.35,54.425,56.0,1.0,Buy
2025-12-08,NCBA,Ncba Group Plc,40.0,100.0,66.0,67.0,66.5,66.75,-0.25,-0.37%,19444.0,,66.5,66.25,33.5,-0.25,1.0,65.85,65.35,65.25,-1.25,Sell
2025-11-09,NCBA,Ncba Group Plc,40.0,100.0,70.0,73.0,70.0,69.5,0.5,0.72%,275954.0,,70.0,75.0,30.0,0.5,3.0,68.45,66.9,72.5,2.5,Buy
2025-12-09,NCBA,Ncba Group Plc,40.0,100.0,71.0,73.0,72.5,70.0,2.5,3.57%,163955.0,,72.5,81.25,27.500000000000004,2.5,2.0,69.75,67.725,73.0,0.5,Buy
2025-12-02,NMG,Nation Media Group Plc,10.05,15.5,14.0,14.5,14.35,13.95,0.4,2.87%,2300.0,,14.35,42.78606965174128,7.41935483870968,0.4000000000000003,0.5,14.0,13.925,14.6,0.25,Buy
2025-12-03,NMG,Nation Media Group Plc,10.05,15.5,14.0,14.6,14.5,14.45,0.05,0.35%,11800.0,,14.5,44.27860696517412,6.451612903225806,0.0500000000000007,0.5999999999999996,14.760000000000002,14.705000000000002,14.45,-0.05000000000000071,Hold
2025-12-05,NMG,Nation Media Group Plc,10.05,15.5,10.3,11.0,10.7,10.25,0.45,4.39%,11300.0,,10.7,6.467661691542275,30.96774193548388,0.4499999999999993,0.6999999999999993,10.9,11.375,11.3,0.6000000000000014,Buy
2025-12-06,NMG,Nation Media Group Plc,10.05,15.5,11.95,12.0,11.95,11.7,0.25,2.14%,1000.0,,11.95,18.905472636815905,22.90322580645162,0.25,0.0500000000000007,11.46,11.4,12.0,0.05000000000000071,Hold
2025-12-08,NMG,Nation Media Group Plc,10.05,15.5,13.2,13.9,13.85,13.4,0.45,3.36%,52335.0,,13.85,37.81094527363183,10.645161290322584,0.4499999999999993,0.7000000000000011,13.62,13.52,13.7,-0.15000000000000036,Sell
2025-11-09,NMG,Nation Media Group Plc,10.05,15.5,13.8,14.45,13.9,13.6,0.3,2.21%,29646.0,,13.9,38.30845771144278,10.322580645161288,0.3000000000000007,0.6499999999999986,13.560000000000002,13.345,13.8,-0.09999999999999964,Sell
2025-12-09,NMG,Nation Media Group Plc,10.05,15.5,13.05,14.5,13.8,13.9,-0.1,-0.72%,21198.0,,13.8,37.31343283582089,10.967741935483868,-0.0999999999999996,1.4499999999999993,13.65,13.395,14.0,0.1999999999999993,Buy
2025-12-02,NSE,Nairobi Securities Exchange Plc,5.5,21.3,6.7,6.78,6.74,6.7,0.04,0.60%,3500.0,,6.74,22.54545454545455,68.35680751173709,0.04,0.08,6.676,6.575999999999999,6.64,-0.10000000000000053,Sell
2025-12-03,NSE,Nairobi Securities Exchange Plc,5.5,21.3,6.64,6.98,6.74,6.8,-0.06,-0.88%,7500.0,,6.74,22.54545454545455,68.35680751173709,-0.0599999999999996,0.3400000000000007,6.82,6.822,6.68,-0.0600000000000005,Sell
2025-12-05,NSE,Nairobi Securities Exchange Plc,5.5,21.3,7.28,7.38,7.34,7.28,0.06,0.82%,2900.0,,7.34,33.45454545454545,65.53990610328638,0.0599999999999996,0.0999999999999996,7.219999999999999,7.174000000000001,7.28,-0.05999999999999961,Sell
2025-12-06,NSE,Nairobi Securities Exchange Plc,5.5,21.3,8.0,8.3,8.02,8.08,-0.06,-0.74%,256800.0,,8.02,45.818181818181806,62.347417840375584,-0.0600000000000005,0.3000000000000007,7.948,7.632,7.86,-0.15999999999999925,Sell
2025-12-08,NSE,Nairobi Securities Exchange Plc,5.5,16.75,10.4,10.9,10.75,10.75,,0.0,7871.0,,10.75,95.45454545454544,35.82089552238806,0.0,0.5,10.38,10.178,10.65,-0.09999999999999964,Sell
2025-11-09,NSE,Nairobi Securities Exchange Plc,5.5,21.3,15.6,16.0,15.8,15.65,0.15,0.96%,26075.0,,15.8,187.27272727272728,25.821596244131456,0.1500000000000003,0.4000000000000003,15.669999999999998,15.55,15.5,-0.3000000000000007,Sell
2025-12-09,NSE,Nairobi Securities Exchange Plc,5.5,21.3,15.1,15.8,15.5,15.8,-0.3,-1.90%,79028.0,,15.5,181.8181818181818,27.23004694835681,-0.3000000000000007,0.7000000000000011,15.63,15.64,14.95,-0.5500000000000007,Sell
2025-12-02,OCH,Olympia Capital Holdings Ltd,2.7,8.22,3.0,3.3,3.05,3.04,0.01,0.33%,29100.0,,3.05,12.962962962962948,62.895377128953776,0.0099999999999997,0.2999999999999998,3.2540000000000004,3.405,3.26,0.20999999999999996,Buy
2025-12-03,OCH,Olympia Capital Holdings Ltd,2.7,8.22,3.17,3.17,3.17,3.17,,0.0,,,3.17,17.407407407407398,61.43552311435524,0.0,0.0,3.2280000000000006,3.336,3.17,0.0,Hold
2025-12-05,OCH,Olympia Capital Holdings Ltd,2.7,8.22,3.75,3.8,3.79,3.5,0.29,8.29%,800.0,,3.79,40.37037037037036,53.89294403892945,0.29,0.0499999999999998,3.706,3.611,3.79,0.0,Hold
2025-12-06,OCH,Olympia Capital Holdings Ltd,2.7,8.22,3.5,3.5,3.5,3.7,-0.2,-5.41%,1000.0,,3.5,29.629629629629623,57.42092457420925,-0.2000000000000001,0.0,3.4760000000000004,3.5849999999999995,3.85,0.3500000000000001,Buy
2025-12-08,OCH,Olympia Capital Holdings Ltd,2.7,7.5,5.5,6.28,6.02,5.72,0.3,5.24%,186500.0,,6.02,122.96296296296292,19.733333333333334,0.2999999999999998,0.7800000000000002,5.3420000000000005,4.8420000000000005,6.48,0.46000000000000085,Buy
2025-11-09,OCH,Olympia Capital Holdings Ltd,2.7,8.22,5.0,5.2,5.12,5.4,-0.28,-5.19%,53666.0,,5.12,89.62962962962962,37.71289537712896,-0.2800000000000002,0.2000000000000001,5.332,5.259,5.08,-0.040000000000000036,Sell
2025-12-09,OCH,Olympia Capital Holdings Ltd,2.7,8.22,5.0,5.62,5.08,5.12,-0.04,-0.78%,25320.0,,5.08,88.14814814814814,38.19951338199514,-0.04,0.6200000000000001,5.312,5.267,5.08,0.0,Hold
2025-12-02,PORT,East African Portland Cement Ltd,24.5,64.25,32.0,35.2,32.8,32.0,0.8,2.50%,2600.0,,32.8,33.87755102040816,48.949416342412455,0.7999999999999972,3.200000000000003,31.02,29.465,34.9,2.1000000000000014,Buy
2025-12-03,PORT,East African Portland Cement Ltd,24.5,64.25,38.0,38.0,38.0,38.1,-0.1,-0.26%,12700.0,,38.0,55.10204081632652,40.856031128404666,-0.1000000000000014,0.0,38.010000000000005,36.9,38.05,0.04999999999999716,Hold
2025-12-05,PORT,East African Portland Cement Ltd,24.5,64.25,40.0,40.0,40.0,40.0,,0.0,,,40.0,63.26530612244898,37.7431906614786,0.0,0.0,38.99,38.875,40.0,0.0,Hold
2025-12-06,PORT,East African Portland Cement Ltd,24.5,64.25,39.0,39.15,39.0,36.05,2.95,8.18%,700.0,,39.0,59.18367346938776,39.29961089494164,2.950000000000003,0.1499999999999985,34.67999999999999,32.17999999999999,39.95,0.9500000000000028,Buy
2025-12-08,PORT,East African Portland Cement Ltd,19.75,64.25,49.0,52.5,49.9,49.55,0.35,0.71%,24802.0,,49.9,152.65822784810126,22.334630350194555,0.3500000000000014,3.5,48.56999999999999,47.715,50.25,0.3500000000000014,Buy
2025-11-09,PORT,East African Portland Cement Ltd,24.5,64.25,51.0,54.5,53.0,54.0,-1.0,-1.85%,16433.0,,53.0,116.3265306122449,17.509727626459142,-1.0,3.5,54.15,55.8,54.0,1.0,Buy
2025-12-09,PORT,East African Portland Cement Ltd,24.5,64.25,54.0,54.0,54.0,53.0,1.0,1.89%,750.0,,54.0,120.40816326530611,15.953307392996107,1.0,0.0,54.05,55.125,56.0,2.0,Buy
2025-12-02,SASN,Sasini Plc,13.3,20.4,15.3,15.8,15.8,15.4,0.4,2.60%,3500.0,,15.8,18.79699248120301,22.549019607843128,0.4000000000000003,0.5,15.64,15.335000000000004,15.4,-0.40000000000000036,Sell
2025-12-03,SASN,Sasini Plc,13.3,20.4,15.6,16.0,15.9,16.0,-0.1,-0.63%,5300.0,,15.9,19.548872180451124,22.05882352941176,-0.0999999999999996,0.4000000000000003,15.91,15.65,15.8,-0.09999999999999964,Sell
2025-12-05,SASN,Sasini Plc,13.3,20.4,14.0,14.0,14.0,14.05,-0.05,-0.36%,29200.0,,14.0,5.263157894736836,31.37254901960784,-0.0500000000000007,0.0,14.419999999999998,14.920000000000002,14.0,0.0,Hold
2025-12-06,SASN,Sasini Plc,13.3,20.4,15.0,15.4,15.15,15.1,0.05,0.33%,58600.0,,15.15,13.909774436090222,25.73529411764705,0.0500000000000007,0.4000000000000003,15.12,14.5,15.2,0.049999999999998934,Hold
2025-12-08,SASN,Sasini Plc,13.3,20.4,15.85,16.25,16.05,15.85,0.2,1.26%,4351.0,,16.05,20.676691729323306,21.323529411764696,0.200000000000001,0.4000000000000003,16.07,15.72,16.0,-0.05000000000000071,Hold
2025-11-09,SASN,Sasini Plc,13.3,20.4,18.2,18.9,18.6,18.45,0.15,0.81%,7801.0,,18.6,39.849624060150376,8.823529411764692,0.1500000000000021,0.6999999999999993,18.16,17.615000000000002,18.1,-0.5,Sell
2025-12-09,SASN,Sasini Plc,13.3,20.4,17.7,18.9,18.1,18.6,-0.5,-2.69%,11336.0,,18.1,36.090225563909776,11.274509803921555,-0.5,1.1999999999999993,18.25,17.72,18.55,0.4499999999999993,Buy
2025-12-02,SBIC,Stanbic Holdings Plc,125.0,202.5,146.0,150.0,148.25,145.5,2.75,1.89%,16700.0,,148.25,18.6,26.79012345679012,2.75,4.0,145.85,143.725,148.0,-0.25,Hold
2025-12-03,SBIC,Stanbic Holdings Plc,125.0,202.5,160.0,166.0,162.0,166.5,-4.5,-2.70%,12900.0,,162.0,29.6,20.0,-4.5,6.0,166.25,162.025,160.0,-2.0,Sell
2025-12-05,SBIC,Stanbic Holdings Plc,125.0,202.5,169.0,170.0,170.0,169.5,0.5,0.29%,34200.0,,170.0,36.0,16.049382716049383,0.5,1.0,169.7,171.5,169.75,-0.25,Hold
2025-12-06,SBIC,Stanbic Holdings Plc,125.0,202.5,161.0,163.25,161.75,163.0,-1.25,-0.77%,59900.0,,161.75,29.4,20.123456790123456,-1.25,2.25,159.05,155.45,161.75,0.0,Hold
2025-12-08,SBIC,Stanbic Holdings Plc,122.0,202.5,181.0,186.0,184.25,185.25,-1.0,-0.54%,27280.0,,184.25,51.02459016393443,9.012345679012345,-1.0,5.0,182.0,180.05,184.25,0.0,Hold
2025-11-09,SBIC,Stanbic Holdings Plc,125.0,202.5,179.5,185.0,182.25,181.75,0.5,0.28%,15784.0,,182.25,45.8,10.0,0.5,5.5,181.95,182.05,180.25,-2.0,Sell
2025-12-09,SBIC,Stanbic Holdings Plc,125.0,202.5,180.0,182.5,180.25,182.25,-2.0,-1.10%,42345.0,,180.25,44.2,10.987654320987652,-2.0,2.5,181.95,181.825,181.0,0.75,Hold
2025-12-02,SCAN,Wpp Scangroup Plc,1.8,4.02,3.5,3.7,3.51,3.75,-0.24,-6.40%,11700.0,,3.51,95.0,12.6865671641791,-0.2400000000000002,0.2000000000000001,3.754,3.569,3.5,-0.009999999999999787,Hold
2025-12-03,SCAN,Wpp Scangroup Plc,1.8,4.02,3.2,3.23,3.22,3.23,-0.01,-0.31%,1100.0,,3.22,78.8888888888889,19.9004975124378,-0.0099999999999997,0.0299999999999998,3.252,3.282,3.2,-0.020000000000000018,Sell
2025-12-05,SCAN,Wpp Scangroup Plc,1.8,4.02,2.63,2.72,2.66,2.73,-0.07,-2.56%,600.0,,2.66,47.77777777777778,33.83084577114427,-0.0699999999999998,0.0900000000000003,2.7020000000000004,2.787,2.67,0.009999999999999787,Hold
2025-12-06,SCAN,Wpp Scangroup Plc,1.8,4.02,2.5,2.8,2.52,2.68,-0.16,-5.97%,76600.0,,2.52,40.0,37.31343283582088,-0.1600000000000001,0.2999999999999998,2.648000000000001,2.656,2.5,-0.020000000000000018,Sell
2025-12-08,SCAN,Wpp Scangroup Plc,1.8,4.02,2.6,2.75,2.74,2.67,0.07,2.62%,114972.0,,2.74,52.22222222222223,31.840796019900488,0.0700000000000002,0.1499999999999999,2.688,2.645,2.78,0.03999999999999959,Buy
2025-11-09,SCAN,Wpp Scangroup Plc,1.8,4.02,2.75,3.04,2.91,3.04,-0.13,-4.28%,138750.0,,2.91,61.66666666666667,27.61194029850745,-0.1299999999999999,0.29,2.9400000000000004,2.864,2.88,-0.03000000000000025,Sell
2025-12-09,SCAN,Wpp Scangroup Plc,1.8,4.02,2.8,3.0,2.88,2.91,-0.03,-1.03%,20278.0,,2.88,59.99999999999999,28.358208955223876,-0.0300000000000002,0.2000000000000001,2.9440000000000004,2.868,2.83,-0.04999999999999982,Sell
2025-12-02,SCBK,Standard Chartered Bank Kenya Ltd,232.0,347.5,283.5,295.0,284.0,283.5,0.5,0.18%,33500.0,,284.0,22.41379310344828,18.27338129496403,0.5,11.5,282.45,280.825,286.0,2.0,Buy
2025-12-03,SCBK,Standard Chartered Bank Kenya Ltd,232.0,347.5,280.0,295.0,288.0,291.25,-3.25,-1.12%,15100.0,,288.0,24.13793103448276,17.12230215827338,-3.25,15.0,298.15,300.325,285.5,-2.5,Sell
2025-12-05,SCBK,Standard Chartered Bank Kenya Ltd,232.0,347.5,265.0,267.5,266.5,267.75,-1.25,-0.47%,16400.0,,266.5,14.870689655172416,23.30935251798561,-1.25,2.5,268.45,278.4,265.25,-1.25,Hold
2025-12-06,SCBK,Standard Chartered Bank Kenya Ltd,232.0,347.5,269.0,278.0,270.0,269.0,1.0,0.37%,35600.0,,270.0,16.379310344827587,22.30215827338129,1.0,9.0,269.05,268.925,275.75,5.75,Buy
2025-12-08,SCBK,Standard Chartered Bank Kenya Ltd,225.25,347.5,323.0,334.0,330.0,329.5,0.5,0.15%,10632.0,,330.0,46.50388457269701,5.035971223021583,0.5,11.0,323.45,318.825,333.5,3.5,Buy
2025-11-09,SCBK,Standard Chartered Bank Kenya Ltd,232.0,347.5,306.0,320.0,311.25,310.25,1.0,0.32%,134678.0,,311.25,34.15948275862069,10.431654676258994,1.0,14.0,307.7,315.75,304.5,-6.75,Sell
2025-12-09,SCBK,Standard Chartered Bank Kenya Ltd,232.0,347.5,300.0,308.0,304.5,311.25,-6.75,-2.17%,90011.0,,304.5,31.25,12.37410071942446,-6.75,8.0,303.6,314.2,306.25,1.75,Buy
2025-12-02,SCOM,Safaricom Plc,14.1,31.0,17.0,17.8,17.7,17.75,-0.05,-0.28%,8419600.0,,17.7,25.53191489361702,42.903225806451616,-0.0500000000000007,0.8000000000000007,17.89,17.825,17.95,0.25,Buy
2025-12-03,SCOM,Safaricom Plc,14.1,31.0,17.75,18.5,17.95,18.0,-0.05,-0.28%,11705100.0,,17.95,27.30496453900709,42.09677419354839,-0.0500000000000007,0.75,17.99,17.92,17.85,-0.09999999999999787,Sell
2025-12-05,SCOM,Safaricom Plc,14.1,31.0,18.0,18.85,18.6,18.5,0.1,0.54%,12678000.0,,18.6,31.91489361702129,40.0,0.1000000000000014,0.8500000000000014,18.42,18.03,19.05,0.4499999999999993,Buy
2025-12-06,SCOM,Safaricom Plc,14.1,31.0,24.0,25.5,24.9,23.85,1.05,4.40%,42322900.0,,24.9,76.59574468085107,19.677419354838715,1.0499999999999972,1.5,22.74,21.685,24.65,-0.25,Sell
2025-12-08,SCOM,Safaricom Plc,14.1,31.0,26.25,26.5,26.3,26.4,-0.1,-0.38%,2237335.0,,26.3,86.52482269503548,15.161290322580642,-0.0999999999999978,0.25,26.27,26.265,26.35,0.05000000000000071,Hold
2025-11-09,SCOM,Safaricom Plc,14.1,31.0,29.1,29.5,29.2,29.15,0.05,0.17%,5702145.0,,29.2,107.0921985815603,5.806451612903228,0.0500000000000007,0.3999999999999986,29.33,29.31,29.45,0.25,Buy
2025-12-09,SCOM,Safaricom Plc,14.1,31.0,29.15,29.95,29.45,29.2,0.25,0.86%,614059.0,,29.45,108.86524822695036,5.000000000000003,0.25,0.8000000000000007,29.23,29.395,29.4,-0.05000000000000071,Hold
2025-12-02,SGL,Standard Group Plc,4.5,7.14,6.4,6.7,6.44,6.76,-0.32,-4.73%,1200.0,,6.44,43.11111111111112,9.80392156862744,-0.3199999999999994,0.2999999999999998,6.464,5.978,6.58,0.13999999999999968,Buy
2025-12-03,SGL,Standard Group Plc,4.5,7.14,6.0,6.0,6.0,5.88,0.12,2.04%,500.0,,6.0,33.33333333333333,15.966386554621844,0.1200000000000001,0.0,5.988,6.182,6.0,0.0,Hold
2025-12-05,SGL,Standard Group Plc,4.5,7.14,5.2,5.2,5.2,5.2,,0.0,1100.0,,5.2,15.55555555555556,27.170868347338928,0.0,0.0,5.368,5.784000000000001,5.5,0.2999999999999998,Buy
2025-12-06,SGL,Standard Group Plc,4.5,7.14,6.14,6.14,6.14,6.14,,0.0,,,6.14,36.44444444444444,14.00560224089636,0.0,0.0,5.996,6.054,6.08,-0.05999999999999961,Sell
2025-12-08,SGL,Standard Group Plc,4.5,7.14,6.2,6.2,6.2,5.96,0.24,4.03%,667.0,,6.2,37.777777777777786,13.165266106442571,0.2400000000000002,0.0,6.112,6.32,6.04,-0.16000000000000014,Sell
2025-11-09,SGL,Standard Group Plc,4.5,7.14,6.0,6.6,6.16,6.0,0.16,2.67%,13321.0,,6.16,36.88888888888889,13.725490196078423,0.1600000000000001,0.5999999999999996,6.024,6.032,6.08,-0.08000000000000007,Sell
2025-12-09,SGL,Standard Group Plc,4.5,7.14,6.0,6.1,6.08,6.16,-0.08,-1.30%,12635.0,,6.08,35.111111111111114,14.845938375350135,-0.08,0.0999999999999996,6.0,6.008,6.0,-0.08000000000000007,Sell
2025-12-02,SMER,Sameer Africa Plc,2.11,17.0,2.91,3.26,3.1,3.23,-0.13,-4.02%,4600.0,,3.1,46.91943127962087,81.76470588235294,-0.1299999999999999,0.3499999999999996,3.2920000000000003,3.174,3.27,0.16999999999999993,Buy
2025-12-03,SMER,Sameer Africa Plc,2.11,17.0,3.55,3.56,3.56,3.55,0.01,0.28%,55100.0,,3.56,68.72037914691944,79.05882352941175,0.0100000000000002,0.0100000000000002,3.4300000000000006,3.343,3.5,-0.06000000000000005,Sell
2025-12-05,SMER,Sameer Africa Plc,2.11,17.0,2.9,3.24,3.05,3.1,-0.05,-1.61%,300.0,,3.05,44.54976303317535,82.05882352941177,-0.0500000000000002,0.3400000000000003,3.096,3.101,3.32,0.27,Buy
2025-12-06,SMER,Sameer Africa Plc,2.11,17.0,3.35,3.85,3.8,3.5,0.3,8.57%,11200.0,,3.8,80.09478672985783,77.6470588235294,0.2999999999999998,0.5,3.608,3.379,3.8,0.0,Hold
2025-12-08,SMER,Sameer Africa Plc,2.11,17.0,13.5,15.1,14.85,13.75,1.1,8.00%,328164.0,,14.85,603.7914691943129,12.647058823529417,1.0999999999999996,1.5999999999999996,12.77,10.868,14.3,-0.5499999999999989,Sell
2025-11-09,SMER,Sameer Africa Plc,2.11,17.0,15.0,16.8,15.45,15.95,-0.5,-3.13%,27824.0,,15.45,632.2274881516588,9.117647058823533,-0.5,1.8000000000000007,15.920000000000002,16.085,14.1,-1.3499999999999996,Sell
2025-12-09,SMER,Sameer Africa Plc,2.11,17.0,13.95,15.0,14.1,15.45,-1.35,-8.74%,66063.0,,14.1,568.2464454976304,17.058823529411768,-1.3499999999999996,1.0500000000000007,15.419999999999998,15.93,14.95,0.8499999999999996,Buy
2025-12-02,TCL,Trans-Century Plc,0.36,1.78,0.99,1.1,1.01,1.1,-0.09,-8.18%,2084700.0,,1.01,180.5555555555556,43.25842696629213,-0.09,0.1100000000000001,1.2340000000000002,1.35,1.09,0.08000000000000007,Buy
2025-12-03,TCL,Trans-Century Plc,0.36,1.78,1.22,1.3,1.24,1.29,-0.05,-3.88%,33000.0,,1.24,244.44444444444449,30.337078651685395,-0.05,0.08,1.2840000000000005,1.303,1.22,-0.020000000000000018,Sell
2025-12-05,TCL,Trans-Century Plc,0.36,1.78,1.21,1.28,1.25,1.24,0.01,0.81%,144100.0,,1.25,247.22222222222223,29.775280898876407,0.01,0.07,1.246,1.257,1.23,-0.020000000000000018,Sell
2025-12-06,TCL,Trans-Century Plc,0.36,1.78,1.15,1.24,1.17,1.17,,0.0,90000.0,,1.17,225.0,34.26966292134832,0.0,0.09,1.1700000000000002,1.201,1.19,0.020000000000000018,Buy
2025-12-08,TCL,Trans-Century Plc,0.35,1.78,0.71,0.71,0.71,0.71,,0.0,,,0.71,102.85714285714288,60.1123595505618,0.0,0.0,0.71,0.71,0.71,0.0,Hold
2025-11-09,TCL,Trans-Century Plc,0.36,1.78,0.71,0.71,0.71,0.71,,0.0,,,0.71,97.2222222222222,60.1123595505618,0.0,0.0,0.71,0.71,0.71,0.0,Hold
2025-12-09,TCL,Trans-Century Plc,0.36,1.78,0.71,0.71,0.71,0.71,,0.0,,,0.71,97.2222222222222,60.1123595505618,0.0,0.0,0.71,0.71,0.71,0.0,Hold
2025-12-02,TOTL,Totalenergies Marketing Kenya Plc,19.3,47.0,22.0,22.95,22.3,22.1,0.2,0.90%,4200.0,,22.3,15.544041450777202,52.55319148936171,0.1999999999999993,0.9499999999999992,22.17,22.04,21.45,-0.8500000000000014,Sell
2025-12-03,TOTL,Totalenergies Marketing Kenya Plc,19.3,47.0,22.8,23.5,23.1,22.65,0.45,1.99%,5400.0,,23.1,19.68911917098446,50.85106382978724,0.4500000000000028,0.6999999999999993,22.81,23.105,23.1,0.0,Hold
2025-12-05,TOTL,Totalenergies Marketing Kenya Plc,19.3,47.0,22.0,23.0,22.25,22.0,0.25,1.14%,2200.0,,22.25,15.284974093264244,52.659574468085104,0.25,1.0,21.910000000000004,22.145,21.8,-0.4499999999999993,Sell
2025-12-06,TOTL,Totalenergies Marketing Kenya Plc,19.3,47.0,23.75,24.5,24.35,24.55,-0.2,-0.81%,26200.0,,24.35,26.16580310880829,48.191489361702125,-0.1999999999999993,0.75,23.99,23.585,24.25,-0.10000000000000142,Hold
2025-12-08,TOTL,Totalenergies Marketing Kenya Plc,19.3,39.9,26.5,29.7,27.9,27.75,0.15,0.54%,25839.0,,27.9,44.55958549222797,30.07518796992481,0.1499999999999985,3.1999999999999997,27.380000000000003,26.76,28.0,0.10000000000000142,Hold
2025-11-09,TOTL,Totalenergies Marketing Kenya Plc,19.3,47.0,35.2,39.9,37.75,37.95,-0.2,-0.53%,106489.0,,37.75,95.59585492227978,19.680851063829788,-0.2000000000000028,4.699999999999996,36.760000000000005,35.9,37.55,-0.20000000000000284,Sell
2025-12-09,TOTL,Totalenergies Marketing Kenya Plc,19.3,47.0,37.0,38.8,37.55,37.75,-0.2,-0.53%,13917.0,,37.55,94.55958549222797,20.10638297872341,-0.2000000000000028,1.7999999999999972,37.24,36.16,38.0,0.45000000000000284,Buy
2025-12-02,TPSE,Tps Eastern Africa (Serena) Ltd,13.0,18.7,15.0,15.0,15.0,15.75,-0.75,-4.76%,2900.0,,15.0,15.384615384615383,19.786096256684488,-0.75,0.0,15.69,15.495,14.1,-0.9000000000000004,Sell
2025-12-03,TPSE,Tps Eastern Africa (Serena) Ltd,13.0,18.7,15.75,15.75,15.75,15.75,,0.0,,,15.75,21.153846153846157,15.775401069518711,0.0,0.0,15.86,16.345,15.75,0.0,Hold
2025-12-05,TPSE,Tps Eastern Africa (Serena) Ltd,13.0,18.7,14.0,14.0,14.0,15.3,-1.3,-8.50%,200.0,,14.0,7.6923076923076925,25.133689839572188,-1.3000000000000007,0.0,14.55,14.575,15.4,1.4000000000000004,Buy
2025-12-06,TPSE,Tps Eastern Africa (Serena) Ltd,13.0,18.7,15.5,15.5,15.5,15.5,,0.0,100.0,,15.5,19.230769230769237,17.11229946524064,0.0,0.0,14.72,14.49,15.5,0.0,Hold
2025-12-08,TPSE,Tps Eastern Africa (Serena) Ltd,12.35,18.7,14.5,14.9,14.5,14.4,0.1,0.69%,67210.0,,14.5,17.408906882591097,22.45989304812834,0.0999999999999996,0.4000000000000003,14.4,14.45,14.3,-0.1999999999999993,Sell
2025-11-09,TPSE,Tps Eastern Africa (Serena) Ltd,13.0,18.7,15.5,17.0,16.5,15.75,0.75,4.76%,11438.0,,16.5,26.923076923076923,11.764705882352938,0.75,1.5,15.589999999999998,15.264999999999995,17.7,1.1999999999999993,Buy
2025-12-09,TPSE,Tps Eastern Africa (Serena) Ltd,13.0,18.7,15.0,18.15,17.7,16.5,1.2,7.27%,20604.0,,17.7,36.15384615384615,5.347593582887701,1.1999999999999993,3.1499999999999986,16.07,15.565,17.5,-0.1999999999999993,Sell
2025-12-02,UCHM,Uchumi Supermarket Plc,0.16,0.48,0.36,0.36,0.36,0.4,-0.04,-10.00%,368800.0,,0.36,124.99999999999996,25.0,-0.04,0.0,0.3800000000000004,0.3389999999999999,0.33,-0.02999999999999997,Sell
2025-12-03,UCHM,Uchumi Supermarket Plc,0.16,0.48,0.32,0.37,0.33,0.35,-0.02,-5.71%,377600.0,,0.33,106.25,31.249999999999996,-0.0199999999999999,0.0499999999999999,0.3480000000000003,0.357,0.31,-0.020000000000000018,Sell
2025-12-05,UCHM,Uchumi Supermarket Plc,0.16,0.48,0.27,0.31,0.29,0.29,,0.0,79400.0,,0.29,81.24999999999999,39.583333333333336,0.0,0.0399999999999999,0.2940000000000003,0.31,0.31,0.020000000000000018,Buy
2025-12-06,UCHM,Uchumi Supermarket Plc,0.16,0.48,0.25,0.27,0.26,0.26,,0.0,93300.0,,0.26,62.5,45.83333333333333,0.0,0.02,0.2540000000000003,0.259,0.26,0.0,Hold
2025-12-08,UCHM,Uchumi Supermarket Plc,0.16,0.44,0.3,0.32,0.31,0.31,,0.0,503656.0,,0.31,93.75,29.545454545454547,0.0,0.02,0.3020000000000004,0.297,0.31,0.0,Hold
2025-11-09,UCHM,Uchumi Supermarket Plc,0.16,0.48,0.3,0.33,0.33,0.32,0.01,3.13%,131432.0,,0.33,106.25,31.249999999999996,0.01,0.03,0.3160000000000004,0.306,0.34,0.010000000000000009,Buy
2025-12-09,UCHM,Uchumi Supermarket Plc,0.16,0.48,0.32,0.34,0.34,0.33,0.01,3.03%,528187.0,,0.34,112.5,29.166666666666657,0.01,0.02,0.3220000000000003,0.3099999999999999,0.33,-0.010000000000000009,Sell
2025-12-02,UMME,Umeme Ltd,6.86,24.75,16.6,17.0,16.65,16.6,0.05,0.30%,7400.0,,16.65,142.71137026239066,32.727272727272734,0.0499999999999971,0.3999999999999986,16.75,16.805,16.8,0.15000000000000213,Buy
2025-12-03,UMME,Umeme Ltd,6.86,24.75,16.05,17.5,17.0,16.3,0.7,4.29%,16800.0,,17.0,147.8134110787172,31.313131313131315,0.6999999999999993,1.4499999999999993,16.71,16.419999999999998,17.0,0.0,Hold
2025-12-05,UMME,Umeme Ltd,6.86,24.75,15.65,15.65,15.65,15.65,,0.0,,,15.65,128.13411078717198,36.76767676767677,0.0,0.0,15.65,15.65,15.65,0.0,Hold
2025-12-06,UMME,Umeme Ltd,6.86,24.75,15.65,15.65,15.65,15.65,,0.0,,,15.65,128.13411078717198,36.76767676767677,0.0,0.0,15.65,15.65,15.05,-0.5999999999999996,Sell
2025-12-08,UMME,Umeme Ltd,6.86,24.75,9.32,9.5,9.46,9.34,0.12,1.28%,54735.0,,9.46,37.90087463556852,61.77777777777778,0.120000000000001,0.1799999999999997,9.448,9.492,9.32,-0.14000000000000057,Sell
2025-11-09,UMME,Umeme Ltd,6.86,24.75,9.7,10.2,9.82,10.05,-0.23,-2.29%,353492.0,,9.82,43.14868804664723,60.323232323232325,-0.2300000000000004,0.5,10.034,9.811,9.54,-0.28000000000000114,Sell
2025-12-09,UMME,Umeme Ltd,6.86,24.75,9.46,10.05,9.54,9.82,-0.28,-2.85%,351443.0,,9.54,39.06705539358599,61.45454545454546,-0.2800000000000011,0.5899999999999999,9.942,9.815,8.98,-0.5599999999999987,Sell
2025-12-02,UNGA,Unga Group Ltd,14.4,28.25,23.0,23.0,23.0,23.0,,0.0,10200.0,,23.0,59.72222222222222,18.58407079646018,0.0,0.0,21.87,20.635,21.5,-1.5,Sell
2025-12-03,UNGA,Unga Group Ltd,14.4,28.25,23.65,23.8,23.8,23.8,,0.0,600.0,,23.8,65.27777777777779,15.75221238938053,0.0,0.1500000000000021,23.98,23.945,23.8,0.0,Hold
2025-12-05,UNGA,Unga Group Ltd,14.4,28.25,19.05,19.05,19.05,21.15,-2.1,-9.93%,400.0,,19.05,32.29166666666667,32.56637168141593,-2.099999999999998,0.0,21.66,21.54,19.05,0.0,Hold
2025-12-06,UNGA,Unga Group Ltd,14.4,28.25,22.0,22.0,22.0,22.0,,0.0,400.0,,22.0,52.77777777777778,22.12389380530973,0.0,0.0,22.160000000000004,21.97,21.95,-0.05000000000000071,Hold
2025-12-08,UNGA,Unga Group Ltd,14.0,28.25,18.5,20.0,19.65,19.55,0.1,0.51%,3100.0,,19.65,40.35714285714285,30.4424778761062,0.0999999999999978,1.5,20.08,19.98,19.75,0.10000000000000142,Buy
2025-11-09,UNGA,Unga Group Ltd,14.4,28.25,21.0,21.6,21.4,21.55,-0.15,-0.70%,14502.0,,21.4,48.6111111111111,24.247787610619472,-0.1500000000000021,0.6000000000000014,20.74,20.55,21.8,0.40000000000000213,Buy
2025-12-09,UNGA,Unga Group Ltd,14.4,28.25,20.5,22.1,21.8,21.4,0.4,1.87%,17483.0,,21.8,51.38888888888889,22.831858407079643,0.4000000000000021,1.6000000000000014,21.05,20.68,21.7,-0.10000000000000142,Hold
2025-12-02,WTK,Williamson Tea Kenya Plc,160.0,350.0,216.0,216.0,216.0,215.0,1.0,0.47%,200.0,,216.0,35.0,38.285714285714285,1.0,0.0,213.65,213.575,217.5,1.5,Buy
2025-12-03,WTK,Williamson Tea Kenya Plc,160.0,350.0,218.25,218.25,218.25,218.25,,0.0,,,218.25,36.40625,37.642857142857146,0.0,0.0,223.55,220.325,218.75,0.5,Hold
2025-12-05,WTK,Williamson Tea Kenya Plc,160.0,350.0,215.0,215.0,215.0,215.0,,0.0,100.0,,215.0,34.375,38.57142857142858,0.0,0.0,215.0,214.475,215.0,0.0,Hold
2025-12-06,WTK,Williamson Tea Kenya Plc,160.0,350.0,205.0,210.0,207.0,205.75,1.25,0.61%,1200.0,,207.0,29.375,40.85714285714286,1.25,5.0,205.65,205.0,207.25,0.25,Hold
2025-12-08,WTK,Williamson Tea Kenya Plc,174.0,350.0,235.0,248.0,239.25,235.75,3.5,1.48%,2725.0,,239.25,37.5,31.642857142857142,3.5,13.0,238.55,237.075,241.75,2.5,Buy
2025-11-09,WTK,Williamson Tea Kenya Plc,160.0,350.0,240.0,245.0,240.0,246.0,-6.0,-2.44%,5175.0,,240.0,50.0,31.428571428571427,-6.0,5.0,244.2,244.85,241.0,1.0,Hold
2025-12-09,WTK,Williamson Tea Kenya Plc,160.0,350.0,241.0,241.0,241.0,240.0,1.0,0.42%,92.0,,241.0,50.625,31.142857142857142,1.0,0.0,243.4,243.9,241.75,0.75,Hold
2025-12-02,XPRS,Express Kenya Plc,2.8,10.0,3.5,3.5,3.5,3.8,-0.3,-7.89%,400.0,,3.5,25.000000000000007,65.0,-0.2999999999999998,0.0,3.7400000000000007,3.618,3.7,0.20000000000000018,Buy
2025-12-03,XPRS,Express Kenya Plc,2.8,10.0,3.96,3.96,3.96,3.6,0.36,10.00%,12700.0,,3.96,41.42857142857144,60.4,0.3599999999999999,0.0,3.8320000000000007,3.843,3.96,0.0,Hold
2025-12-05,XPRS,Express Kenya Plc,2.8,10.0,3.0,3.0,3.0,3.0,,0.0,100.0,,3.0,7.1428571428571495,70.0,0.0,0.0,3.0,3.0460000000000003,3.0,0.0,Hold
2025-12-06,XPRS,Express Kenya Plc,2.8,10.0,2.92,2.95,2.94,2.95,-0.01,-0.34%,5100.0,,2.94,5.000000000000004,70.60000000000001,-0.0100000000000002,0.0300000000000002,2.9340000000000006,2.97,2.85,-0.08999999999999986,Sell
2025-12-08,XPRS,Express Kenya Plc,2.8,10.0,4.4,4.49,4.49,4.09,0.4,9.78%,24287.0,,4.49,60.35714285714288,55.1,0.4000000000000003,0.0899999999999998,4.360000000000001,4.363,4.42,-0.07000000000000028,Sell
2025-11-09,XPRS,Express Kenya Plc,2.8,10.0,8.22,9.3,8.48,9.12,-0.64,-7.02%,40070.0,,8.48,202.8571428571429,15.199999999999998,-0.6399999999999988,1.08,9.004000000000001,7.952000000000001,8.88,0.40000000000000036,Buy
2025-12-09,XPRS,Express Kenya Plc,2.8,10.0,8.5,9.18,8.88,8.48,0.4,4.72%,14882.0,,8.88,217.1428571428572,11.199999999999992,0.4000000000000003,0.6799999999999997,9.096,8.178,8.02,-0.8600000000000012,Sell
