date,code,name,day_price,ma_5,ma_10,pct_from_12m_low,pct_from_12m_high,daily_return,daily_volatility,target
2025-09-09,ABSA,Absa Bank Kenya Plc,21.7,20.95,20.59,52.81690140845071,12.676056338028175,0.8999999999999986,1.6000000000000014,Buy
2025-09-10,ABSA,Absa Bank Kenya Plc,22.65,21.35,20.855,55.670103092783485,13.71428571428572,0.9499999999999992,1.25,Buy
2025-09-11,ABSA,Absa Bank Kenya Plc,23.0,21.78,21.155,58.07560137457044,12.38095238095238,0.3500000000000014,1.25,Hold
2025-09-12,ABSA,Absa Bank Kenya Plc,23.05,22.24,21.45,58.41924398625429,12.190476190476188,0.0500000000000007,2.3500000000000014,Hold
2025-10-01,ABSA,Absa Bank Kenya Plc,21.5,21.01,20.96,47.76632302405498,18.09523809523809,0.0,1.0,Buy
2025-10-02,ABSA,Absa Bank Kenya Plc,22.0,21.27,20.885,51.20274914089347,16.19047619047619,0.5,1.3000000000000007,Hold
2025-10-03,ABSA,Absa Bank Kenya Plc,22.05,21.56,20.965,51.546391752577314,15.999999999999998,0.0500000000000007,0.8000000000000007,Hold
2025-10-06,ABSA,Absa Bank Kenya Plc,22.05,21.82,21.15,51.546391752577314,15.999999999999998,0.0,0.3000000000000007,Buy
2025-10-07,ABSA,Absa Bank Kenya Plc,22.2,21.96,21.37,52.57731958762886,15.42857142857143,0.1499999999999985,0.8000000000000007,Sell
2025-10-08,ABSA,Absa Bank Kenya Plc,21.95,22.05,21.53,50.859106529209605,16.380952380952387,-0.25,0.6999999999999993,Hold
2025-10-09,ABSA,Absa Bank Kenya Plc,21.9,22.03,21.65,50.51546391752576,16.571428571428577,-0.0500000000000007,1.099999999999998,Sell
2025-09-09,AMAC,Africa Mega Agricorp Plc,72.0,71.2,72.4,41.17647058823529,10.0,0.0,0.0,Hold
2025-09-10,AMAC,Africa Mega Agricorp Plc,72.0,72.0,71.6,41.17647058823529,10.0,0.0,0.0,Hold
2025-09-11,AMAC,Africa Mega Agricorp Plc,72.0,72.0,71.6,41.17647058823529,10.0,0.0,0.0,Hold
2025-09-12,AMAC,Africa Mega Agricorp Plc,72.0,72.0,71.6,41.17647058823529,10.0,0.0,0.0,Hold
2025-10-01,AMAC,Africa Mega Agricorp Plc,65.0,65.0,65.0,27.450980392156865,18.75,0.0,0.0,Hold
2025-10-02,AMAC,Africa Mega Agricorp Plc,65.0,65.0,65.0,27.450980392156865,18.75,0.0,0.0,Hold
2025-10-03,AMAC,Africa Mega Agricorp Plc,65.0,65.0,65.0,27.450980392156865,18.75,0.0,0.0,Hold
2025-10-06,AMAC,Africa Mega Agricorp Plc,65.0,65.0,65.0,27.450980392156865,18.75,0.0,0.0,Hold
2025-10-07,AMAC,Africa Mega Agricorp Plc,65.0,65.0,65.0,27.450980392156865,18.75,0.0,0.0,Hold
2025-10-08,AMAC,Africa Mega Agricorp Plc,65.0,65.0,65.0,27.450980392156865,18.75,0.0,0.0,Hold
2025-10-09,AMAC,Africa Mega Agricorp Plc,65.0,65.0,65.0,27.450980392156865,18.75,0.0,0.0,Hold
2025-09-09,ARM,Arm Cement Plc,5.55,5.55,5.55,0.0,0.0,0.0,0.0,Hold
2025-09-10,ARM,Arm Cement Plc,5.55,5.55,5.55,0.0,0.0,0.0,0.0,Hold
2025-09-11,ARM,Arm Cement Plc,5.55,5.55,5.55,0.0,0.0,0.0,0.0,Hold
2025-09-12,ARM,Arm Cement Plc,5.55,5.55,5.55,0.0,0.0,0.0,0.0,Hold
2025-10-01,ARM,Arm Cement Plc,5.55,5.55,5.55,0.0,0.0,0.0,0.0,Hold
2025-10-02,ARM,Arm Cement Plc,5.55,5.55,5.55,0.0,0.0,0.0,0.0,Hold
2025-10-03,ARM,Arm Cement Plc,5.55,5.55,5.55,0.0,0.0,0.0,0.0,Hold
2025-10-06,ARM,Arm Cement Plc,5.55,5.55,5.55,0.0,0.0,0.0,0.0,Hold
2025-10-07,ARM,Arm Cement Plc,5.55,5.55,5.55,0.0,0.0,0.0,0.0,Hold
2025-10-08,ARM,Arm Cement Plc,5.55,5.55,5.55,0.0,0.0,0.0,0.0,Hold
2025-10-09,ARM,Arm Cement Plc,5.55,5.55,5.55,0.0,0.0,0.0,0.0,Hold
2025-09-09,BAMB,Bamburi Cement Ltd,47.2,47.2,47.2,0.4255319148936231,32.32974910394265,0.0,0.0,Hold
2025-09-10,BAMB,Bamburi Cement Ltd,47.2,47.2,47.2,0.4255319148936231,29.552238805970145,0.0,0.0,Hold
2025-09-11,BAMB,Bamburi Cement Ltd,47.2,47.2,47.2,0.4255319148936231,29.552238805970145,0.0,0.0,Hold
2025-09-12,BAMB,Bamburi Cement Ltd,47.2,47.2,47.2,0.4255319148936231,29.552238805970145,0.0,0.0,Hold
2025-10-01,BAMB,Bamburi Cement Ltd,47.2,47.2,47.2,0.4255319148936231,29.552238805970145,0.0,0.0,Hold
2025-10-02,BAMB,Bamburi Cement Ltd,47.2,47.2,47.2,0.4255319148936231,29.552238805970145,0.0,0.0,Hold
2025-10-03,BAMB,Bamburi Cement Ltd,47.2,47.2,47.2,0.4255319148936231,29.552238805970145,0.0,0.0,Hold
2025-10-06,BAMB,Bamburi Cement Ltd,47.2,47.2,47.2,0.4255319148936231,29.552238805970145,0.0,0.0,Hold
2025-10-07,BAMB,Bamburi Cement Ltd,47.2,47.2,47.2,0.4255319148936231,29.552238805970145,0.0,0.0,Hold
2025-10-08,BAMB,Bamburi Cement Ltd,47.2,47.2,47.2,0.4255319148936231,29.552238805970145,0.0,0.0,Hold
2025-10-09,BAMB,Bamburi Cement Ltd,47.2,47.2,47.2,0.4255319148936231,29.552238805970145,0.0,0.0,Hold
2025-09-09,BAT,British American Tobacco Kenya Plc,444.75,426.9,426.45,32.76119402985075,1.3311148086522462,9.5,5.0,Buy
2025-09-10,BAT,British American Tobacco Kenya Plc,447.0,434.25,427.15,29.565217391304348,1.106194690265487,2.25,5.5,Hold
2025-09-11,BAT,British American Tobacco Kenya Plc,446.0,440.35,427.725,29.275362318840585,1.327433628318584,-1.0,7.75,Sell
2025-09-12,BAT,British American Tobacco Kenya Plc,442.0,443.0,429.2,28.115942028985508,2.2123893805309733,-4.0,7.0,Sell
2025-10-01,BAT,British American Tobacco Kenya Plc,428.25,427.35,425.825,24.13043478260869,5.254424778761062,0.75,1.0,Sell
2025-10-02,BAT,British American Tobacco Kenya Plc,421.75,426.7,425.0,22.246376811594203,6.692477876106196,-6.5,9.0,Buy
2025-10-03,BAT,British American Tobacco Kenya Plc,428.25,426.75,426.325,24.13043478260869,5.254424778761062,6.5,10.0,Buy
2025-10-06,BAT,British American Tobacco Kenya Plc,433.5,427.85,427.775,25.65217391304348,4.092920353982301,5.25,5.0,Sell
2025-10-07,BAT,British American Tobacco Kenya Plc,426.5,427.65,427.55,23.6231884057971,5.641592920353982,-7.0,15.0,Buy
2025-10-08,BAT,British American Tobacco Kenya Plc,433.0,428.6,427.975,25.5072463768116,4.20353982300885,6.5,23.5,Sell
2025-10-09,BAT,British American Tobacco Kenya Plc,430.0,430.25,428.475,24.637681159420293,4.867256637168142,-3.0,5.0,Buy
2025-09-09,BKG,Bk Group Plc,37.5,38.98,39.47,30.434782608695656,13.79310344827586,-1.1499999999999986,1.0,Sell
2025-09-10,BKG,Bk Group Plc,37.0,38.4,39.04,28.695652173913043,14.942528735632186,-0.5,1.2000000000000028,Buy
2025-09-11,BKG,Bk Group Plc,37.35,37.96,38.74999999999999,29.913043478260875,14.137931034482756,0.3500000000000014,1.0,Buy
2025-09-12,BKG,Bk Group Plc,37.7,37.64,38.440000000000005,31.130434782608702,13.333333333333329,0.3500000000000014,1.0,Buy
2025-10-01,BKG,Bk Group Plc,37.4,38.12,38.285,30.08695652173913,14.022988505747133,-1.0,1.3999999999999986,Hold
2025-10-02,BKG,Bk Group Plc,37.25,37.98,38.21,29.565217391304348,14.367816091954024,-0.1499999999999985,1.5,Buy
2025-10-03,BKG,Bk Group Plc,38.5,37.96,38.205,33.91304347826087,11.494252873563218,1.25,0.0,Hold
2025-10-06,BKG,Bk Group Plc,38.5,38.010000000000005,38.19500000000001,33.91304347826087,11.494252873563218,0.0,0.0,Hold
2025-10-07,BKG,Bk Group Plc,38.35,38.0,38.175,33.39130434782609,11.839080459770113,-0.1499999999999985,0.5,Sell
2025-10-08,BKG,Bk Group Plc,38.15,38.15,38.135000000000005,32.69565217391304,12.298850574712649,-0.2000000000000028,0.3500000000000014,Buy
2025-10-09,BKG,Bk Group Plc,38.35,38.37,38.175,33.39130434782609,11.839080459770113,0.2000000000000028,0.3500000000000014,Hold
2025-09-09,BOC,Boc Kenya Plc,129.5,128.15,125.95,70.39473684210526,13.666666666666666,0.0,10.5,Hold
2025-09-10,BOC,Boc Kenya Plc,129.75,128.9,126.975,70.72368421052632,13.5,0.25,0.5,Sell
2025-09-11,BOC,Boc Kenya Plc,128.25,129.3,127.15,68.75,14.499999999999998,-1.5,1.0,Sell
2025-09-12,BOC,Boc Kenya Plc,121.25,127.65,126.8,59.539473684210535,19.166666666666668,-7.0,8.0,Buy
2025-10-01,BOC,Boc Kenya Plc,120.0,122.25,122.5,57.89473684210527,20.0,-1.0,0.0,Buy
2025-10-02,BOC,Boc Kenya Plc,123.0,121.95,122.3,61.8421052631579,18.0,3.0,5.0,Buy
2025-10-03,BOC,Boc Kenya Plc,125.0,122.2,122.375,64.47368421052632,16.666666666666664,2.0,0.0,Hold
2025-10-06,BOC,Boc Kenya Plc,124.75,122.75,122.775,64.14473684210526,16.833333333333332,-0.25,2.25,Buy
2025-10-07,BOC,Boc Kenya Plc,129.0,124.35,123.6,69.73684210526315,14.000000000000002,4.25,6.0,Buy
2025-10-08,BOC,Boc Kenya Plc,130.0,126.35,124.3,71.05263157894737,13.333333333333334,1.0,0.5,Sell
2025-10-09,BOC,Boc Kenya Plc,127.75,127.3,124.625,68.0921052631579,14.833333333333334,-2.25,2.0,Hold
2025-09-09,BRIT,Britam Holdings Plc,8.58,8.644,8.704,61.8867924528302,8.723404255319151,-0.3000000000000007,0.4600000000000008,Buy
2025-09-10,BRIT,Britam Holdings Plc,8.74,8.748,8.682,58.33333333333335,7.021276595744682,0.1600000000000001,0.4600000000000008,Hold
2025-09-11,BRIT,Britam Holdings Plc,8.7,8.751999999999999,8.668000000000001,57.60869565217392,7.446808510638308,-0.0400000000000009,0.3800000000000008,Buy
2025-09-12,BRIT,Britam Holdings Plc,8.88,8.756,8.654,60.86956521739133,5.531914893617016,0.1800000000000015,0.6799999999999997,Sell
2025-10-01,BRIT,Britam Holdings Plc,8.88,8.907999999999998,8.89,60.86956521739133,5.531914893617016,-0.0399999999999991,0.1999999999999993,Buy
2025-10-02,BRIT,Britam Holdings Plc,8.96,8.912,8.92,62.31884057971018,4.680851063829781,0.08,0.2799999999999993,Hold
2025-10-03,BRIT,Britam Holdings Plc,8.92,8.908,8.932,61.59420289855073,5.106382978723409,-0.0400000000000009,0.2799999999999993,Hold
2025-10-06,BRIT,Britam Holdings Plc,8.9,8.916,8.928,61.23188405797103,5.319148936170213,-0.0199999999999995,0.1999999999999993,Sell
2025-10-07,BRIT,Britam Holdings Plc,8.78,8.888,8.91,59.05797101449275,6.595744680851075,-0.120000000000001,0.5,Hold
2025-10-08,BRIT,Britam Holdings Plc,8.82,8.876000000000001,8.892,59.78260869565219,6.170212765957447,0.0400000000000009,0.4800000000000004,Sell
2025-10-09,BRIT,Britam Holdings Plc,8.5,8.784,8.848,53.98550724637682,9.574468085106387,-0.3200000000000003,0.4800000000000004,Hold
2025-09-09,CABL,East African Cables Plc,1.0,1.0,1.0,8.69565217391304,69.41896024464832,0.0,0.0,Hold
2025-09-10,CABL,East African Cables Plc,1.0,1.0,1.0,2.040816326530614,69.41896024464832,0.0,0.0,Hold
2025-09-11,CABL,East African Cables Plc,1.0,1.0,1.0,2.040816326530614,69.41896024464832,0.0,0.0,Hold
2025-09-12,CABL,East African Cables Plc,1.0,1.0,1.0,2.040816326530614,69.41896024464832,0.0,0.0,Hold
2025-10-01,CABL,East African Cables Plc,1.0,1.0,1.0,2.040816326530614,69.41896024464832,0.0,0.0,Hold
2025-10-02,CABL,East African Cables Plc,1.0,1.0,1.0,2.040816326530614,69.41896024464832,0.0,0.0,Hold
2025-10-03,CABL,East African Cables Plc,1.0,1.0,1.0,2.040816326530614,69.41896024464832,0.0,0.0,Hold
2025-10-06,CABL,East African Cables Plc,1.0,1.0,1.0,2.040816326530614,69.41896024464832,0.0,0.0,Hold
2025-10-07,CABL,East African Cables Plc,1.0,1.0,1.0,2.040816326530614,69.41896024464832,0.0,0.0,Hold
2025-10-08,CABL,East African Cables Plc,1.0,1.0,1.0,2.040816326530614,69.41896024464832,0.0,0.0,Hold
2025-10-09,CABL,East African Cables Plc,1.0,1.0,1.0,2.040816326530614,69.41896024464832,0.0,0.0,Hold
2025-09-09,CARB,Carbacid Investments Plc,24.95,25.21,25.4,53.53846153846153,17.109634551495024,0.1499999999999985,3.0,Buy
2025-09-10,CARB,Carbacid Investments Plc,25.85,25.14,25.675,59.07692307692308,19.72049689440994,0.9000000000000021,1.25,Buy
2025-09-11,CARB,Carbacid Investments Plc,26.15,25.23,25.83,60.92307692307691,18.788819875776408,0.2999999999999971,1.5,Sell
2025-09-12,CARB,Carbacid Investments Plc,24.0,25.15,25.53,47.69230769230769,25.46583850931678,-2.1499999999999986,2.8999999999999986,Buy
2025-10-01,CARB,Carbacid Investments Plc,26.8,25.71,25.4,64.92307692307693,16.770186335403732,1.1000000000000014,1.0500000000000007,Hold
2025-10-02,CARB,Carbacid Investments Plc,26.75,25.99,25.635,64.61538461538461,16.925465838509325,-0.0500000000000007,1.0,Hold
2025-10-03,CARB,Carbacid Investments Plc,26.7,26.26,25.795,64.30769230769229,17.080745341614918,-0.0500000000000007,0.4499999999999993,Buy
2025-10-06,CARB,Carbacid Investments Plc,26.9,26.57,25.95,65.53846153846153,16.459627329192557,0.1999999999999993,0.1999999999999993,Buy
2025-10-07,CARB,Carbacid Investments Plc,27.65,26.96,26.185,70.15384615384615,14.130434782608708,0.75,2.1000000000000014,Sell
2025-10-08,CARB,Carbacid Investments Plc,27.45,27.09,26.4,68.92307692307692,14.751552795031063,-0.1999999999999993,3.3000000000000007,Sell
2025-10-09,CARB,Carbacid Investments Plc,26.8,27.1,26.545,64.92307692307693,16.770186335403732,-0.6499999999999986,2.95,Sell
2025-09-09,CGEN,Car And General (K) Ltd,34.6,33.19,32.059999999999995,77.43589743589745,39.030837004405285,1.1000000000000014,2.0,Buy
2025-09-10,CGEN,Car And General (K) Ltd,36.45,33.980000000000004,32.78,86.92307692307693,42.14285714285714,1.8500000000000008,2.950000000000003,Buy
2025-09-11,CGEN,Car And General (K) Ltd,38.6,35.21,33.6,97.94871794871796,38.73015873015873,2.1499999999999986,3.0,Buy
2025-09-12,CGEN,Car And General (K) Ltd,38.85,36.4,34.345000000000006,99.23076923076924,38.33333333333333,0.25,5.799999999999997,Sell
2025-10-01,CGEN,Car And General (K) Ltd,41.35,38.3,37.385000000000005,112.05128205128206,34.36507936507937,2.5,3.3999999999999986,Buy
2025-10-02,CGEN,Car And General (K) Ltd,41.9,39.190000000000005,37.855,114.87179487179486,33.492063492063494,0.5499999999999972,1.4500000000000028,Buy
2025-10-03,CGEN,Car And General (K) Ltd,45.5,41.21,38.74,133.33333333333331,27.77777777777778,3.6000000000000014,2.5,Buy
2025-10-06,CGEN,Car And General (K) Ltd,49.05,43.33,40.085,151.53846153846155,22.142857142857142,3.549999999999997,4.0,Buy
2025-10-07,CGEN,Car And General (K) Ltd,50.5,45.66,41.585,158.97435897435898,19.84126984126984,1.4500000000000028,3.8500000000000014,Hold
2025-10-08,CGEN,Car And General (K) Ltd,50.5,47.49,42.895,158.97435897435898,19.84126984126984,0.0,5.200000000000003,Buy
2025-10-09,CGEN,Car And General (K) Ltd,51.75,49.46,44.325,165.3846153846154,17.857142857142858,1.25,2.5,Hold
2025-09-09,CIC,Cic Insurance Group Ltd,5.32,5.308,5.036,168.6868686868687,6.666666666666665,-0.2399999999999993,0.3800000000000008,Sell
2025-09-10,CIC,Cic Insurance Group Ltd,5.18,5.332,5.07,161.6161616161616,9.122807017543868,-0.1400000000000005,0.5,Buy
2025-09-11,CIC,Cic Insurance Group Ltd,5.26,5.324,5.118,165.65656565656565,7.719298245614041,0.08,0.4000000000000003,Buy
2025-09-12,CIC,Cic Insurance Group Ltd,5.4,5.343999999999999,5.185,172.72727272727275,5.263157894736839,0.1400000000000005,0.2400000000000002,Sell
2025-10-01,CIC,Cic Insurance Group Ltd,4.84,4.872,4.639,144.44444444444443,15.08771929824562,-0.0099999999999997,0.1500000000000003,Buy
2025-10-02,CIC,Cic Insurance Group Ltd,4.87,4.886,4.654999999999999,145.959595959596,14.561403508771932,0.0300000000000002,0.0600000000000005,Hold
2025-10-03,CIC,Cic Insurance Group Ltd,4.87,4.878,4.71,145.959595959596,14.561403508771932,0.0,0.0899999999999998,Hold
2025-10-06,CIC,Cic Insurance Group Ltd,4.88,4.862,4.786,146.46464646464645,14.385964912280707,0.0099999999999997,0.0500000000000007,Sell
2025-10-07,CIC,Cic Insurance Group Ltd,4.84,4.86,4.8420000000000005,144.44444444444443,15.08771929824562,-0.04,0.1799999999999997,Sell
2025-10-08,CIC,Cic Insurance Group Ltd,4.73,4.838,4.855,138.8888888888889,17.017543859649116,-0.1099999999999994,0.3100000000000005,Sell
2025-10-09,CIC,Cic Insurance Group Ltd,4.56,4.776000000000001,4.831,130.30303030303028,20.00000000000001,-0.1700000000000008,0.3100000000000005,Buy
2025-09-09,COOP,Co-Operative Bank Of Kenya Ltd,21.45,20.08,18.94,58.88888888888888,2.500000000000003,0.4499999999999993,1.8000000000000007,Sell
2025-09-10,COOP,Co-Operative Bank Of Kenya Ltd,21.25,20.64,19.31,57.407407407407405,15.674603174603172,-0.1999999999999993,1.6000000000000014,Sell
2025-09-11,COOP,Co-Operative Bank Of Kenya Ltd,21.0,21.0,19.645,55.55555555555556,16.666666666666664,-0.25,1.5500000000000007,Sell
2025-09-12,COOP,Co-Operative Bank Of Kenya Ltd,19.9,20.92,19.855,47.4074074074074,21.031746031746035,-1.1000000000000014,0.3000000000000007,Buy
2025-10-01,COOP,Co-Operative Bank Of Kenya Ltd,21.0,21.18,20.31,55.55555555555556,16.666666666666664,-0.3999999999999986,0.6999999999999993,Sell
2025-10-02,COOP,Co-Operative Bank Of Kenya Ltd,20.85,21.07,20.415,54.44444444444445,17.261904761904752,-0.1499999999999985,0.6000000000000014,Sell
2025-10-03,COOP,Co-Operative Bank Of Kenya Ltd,20.7,20.98,20.57,53.333333333333336,17.857142857142858,-0.1500000000000021,0.5,Buy
2025-10-06,COOP,Co-Operative Bank Of Kenya Ltd,20.85,20.96,20.76,54.44444444444445,17.261904761904752,0.1500000000000021,0.3000000000000007,Sell
2025-10-07,COOP,Co-Operative Bank Of Kenya Ltd,20.7,20.82,20.935,53.333333333333336,17.857142857142858,-0.1500000000000021,0.3999999999999986,Sell
2025-10-08,COOP,Co-Operative Bank Of Kenya Ltd,20.55,20.73,20.955,52.22222222222223,18.45238095238095,-0.1499999999999985,0.6499999999999986,Sell
2025-10-09,COOP,Co-Operative Bank Of Kenya Ltd,20.0,20.56,20.815,48.14814814814815,20.63492063492064,-0.5500000000000007,0.6000000000000014,Hold
2025-09-09,CRWN,Crown Paints Kenya Plc,50.0,49.63,48.705,72.41379310344827,19.35483870967742,-0.25,3.25,Buy
2025-09-10,CRWN,Crown Paints Kenya Plc,51.0,50.23,48.97,75.86206896551724,17.741935483870968,1.0,8.5,Hold
2025-09-11,CRWN,Crown Paints Kenya Plc,51.0,50.5,49.34,75.86206896551724,17.741935483870968,0.0,3.5,Hold
2025-09-12,CRWN,Crown Paints Kenya Plc,51.0,50.65,49.655,75.86206896551724,17.741935483870968,0.0,1.0,Hold
2025-10-01,CRWN,Crown Paints Kenya Plc,58.0,57.25,54.465,100.0,6.451612903225806,-1.5,2.0,Buy
2025-10-02,CRWN,Crown Paints Kenya Plc,61.25,58.65,55.44,111.20689655172411,1.2096774193548387,3.25,4.0,Sell
2025-10-03,CRWN,Crown Paints Kenya Plc,60.25,59.3,56.525,107.7586206896552,2.82258064516129,-1.0,3.75,Buy
2025-10-06,CRWN,Crown Paints Kenya Plc,61.0,60.0,57.525,110.34482758620688,1.6129032258064515,0.75,3.0,Hold
2025-10-07,CRWN,Crown Paints Kenya Plc,61.0,60.3,58.325,110.34482758620688,1.6129032258064515,0.0,3.0,Sell
2025-10-08,CRWN,Crown Paints Kenya Plc,56.5,60.0,58.625,94.82758620689656,8.870967741935484,-4.5,5.0,Sell
2025-10-09,CRWN,Crown Paints Kenya Plc,55.5,58.85,58.75,91.3793103448276,10.483870967741936,-1.0,5.0,Buy
2025-09-09,CTUM,Centum Investment Company Plc,13.9,13.69,13.64,50.75921908893709,15.757575757575756,0.3000000000000007,0.4000000000000003,Buy
2025-09-10,CTUM,Centum Investment Company Plc,14.0,13.779999999999998,13.665,51.84381778741864,16.417910447761194,0.0999999999999996,0.1999999999999993,Sell
2025-09-11,CTUM,Centum Investment Company Plc,13.8,13.8,13.670000000000002,49.67462039045552,17.61194029850746,-0.1999999999999993,0.4499999999999993,Buy
2025-09-12,CTUM,Centum Investment Company Plc,13.95,13.85,13.765,51.30151843817785,16.716417910447763,0.1499999999999985,1.5999999999999996,Hold
2025-10-01,CTUM,Centum Investment Company Plc,15.55,15.32,14.955000000000002,68.65509761388286,7.164179104477608,0.3000000000000007,0.5499999999999989,Hold
2025-10-02,CTUM,Centum Investment Company Plc,15.5,15.32,15.080000000000002,68.11279826464207,7.462686567164178,-0.0500000000000007,0.75,Buy
2025-10-03,CTUM,Centum Investment Company Plc,15.6,15.41,15.205000000000002,69.19739696312362,6.865671641791046,0.0999999999999996,0.6500000000000004,Buy
2025-10-06,CTUM,Centum Investment Company Plc,15.7,15.52,15.330000000000002,70.2819956616052,6.268656716417914,0.0999999999999996,0.3000000000000007,Sell
2025-10-07,CTUM,Centum Investment Company Plc,15.6,15.589999999999998,15.445,69.19739696312362,6.865671641791046,-0.0999999999999996,0.3499999999999996,Hold
2025-10-08,CTUM,Centum Investment Company Plc,15.55,15.59,15.455000000000002,68.65509761388286,7.164179104477608,-0.0499999999999989,0.3000000000000007,Sell
2025-10-09,CTUM,Centum Investment Company Plc,15.35,15.56,15.44,66.48590021691973,8.358208955223882,-0.200000000000001,0.75,Sell
2025-09-09,DCON,Deacons (East Africa) Plc,0.45,0.45,0.45,0.0,0.0,0.0,0.0,Hold
2025-09-10,DCON,Deacons (East Africa) Plc,0.45,0.45,0.45,0.0,0.0,0.0,0.0,Hold
2025-09-11,DCON,Deacons (East Africa) Plc,0.45,0.45,0.45,0.0,0.0,0.0,0.0,Hold
2025-09-12,DCON,Deacons (East Africa) Plc,0.45,0.45,0.45,0.0,0.0,0.0,0.0,Hold
2025-10-01,DCON,Deacons (East Africa) Plc,0.45,0.45,0.45,0.0,0.0,0.0,0.0,Hold
2025-10-02,DCON,Deacons (East Africa) Plc,0.45,0.45,0.45,0.0,0.0,0.0,0.0,Hold
2025-10-03,DCON,Deacons (East Africa) Plc,0.45,0.45,0.45,0.0,0.0,0.0,0.0,Hold
2025-10-06,DCON,Deacons (East Africa) Plc,0.45,0.45,0.45,0.0,0.0,0.0,0.0,Hold
2025-10-07,DCON,Deacons (East Africa) Plc,0.45,0.45,0.45,0.0,0.0,0.0,0.0,Hold
2025-10-08,DCON,Deacons (East Africa) Plc,0.45,0.45,0.45,0.0,0.0,0.0,0.0,Hold
2025-10-09,DCON,Deacons (East Africa) Plc,0.45,0.45,0.45,0.0,0.0,0.0,0.0,Hold
2025-09-09,DTK,Diamond Trust Bank Kenya Ltd,105.0,103.25,96.575,104.8780487804878,3.8901601830663615,0.25,3.0,Buy
2025-09-10,DTK,Diamond Trust Bank Kenya Ltd,106.0,104.55,98.275,106.82926829268294,10.16949152542373,1.0,3.5,Sell
2025-09-11,DTK,Diamond Trust Bank Kenya Ltd,105.0,104.95,99.775,104.8780487804878,11.016949152542372,-1.0,1.0,Hold
2025-09-12,DTK,Diamond Trust Bank Kenya Ltd,105.25,105.2,101.325,105.3658536585366,10.805084745762713,0.25,2.0,Hold
2025-10-01,DTK,Diamond Trust Bank Kenya Ltd,104.75,104.6,104.7,104.39024390243902,11.228813559322036,0.25,1.0,Hold
2025-10-02,DTK,Diamond Trust Bank Kenya Ltd,105.0,104.6,104.725,104.8780487804878,11.016949152542372,0.25,1.0,Hold
2025-10-03,DTK,Diamond Trust Bank Kenya Ltd,105.0,104.7,104.75,104.8780487804878,11.016949152542372,0.0,1.0,Hold
2025-10-06,DTK,Diamond Trust Bank Kenya Ltd,104.75,104.8,104.75,104.39024390243902,11.228813559322036,-0.25,1.0,Hold
2025-10-07,DTK,Diamond Trust Bank Kenya Ltd,104.75,104.85,104.75,104.39024390243902,11.228813559322036,0.0,1.5,Hold
2025-10-08,DTK,Diamond Trust Bank Kenya Ltd,104.75,104.85,104.725,104.39024390243902,11.228813559322036,0.0,1.75,Sell
2025-10-09,DTK,Diamond Trust Bank Kenya Ltd,103.25,104.5,104.55,101.46341463414636,12.5,-1.5,2.0,Sell
2025-09-09,EABL,East African Breweries Ltd,224.0,223.1,220.775,39.78159126365055,8.19672131147541,2.25,2.0,Hold
2025-09-10,EABL,East African Breweries Ltd,224.75,223.15,221.7,38.52080123266564,10.1,0.75,4.0,Hold
2025-09-11,EABL,East African Breweries Ltd,224.25,223.35,222.1,38.21263482280431,10.3,-0.5,2.75,Sell
2025-09-12,EABL,East African Breweries Ltd,223.0,223.55,222.575,37.442218798151,10.8,-1.25,4.5,Hold
2025-10-01,EABL,East African Breweries Ltd,211.75,213.15,213.375,30.508474576271187,15.3,0.75,2.25,Buy
2025-10-02,EABL,East African Breweries Ltd,213.0,212.95,213.225,31.2788906009245,14.8,1.25,2.0,Hold
2025-10-03,EABL,East African Breweries Ltd,213.0,212.55,213.35,31.2788906009245,14.8,0.0,1.0,Hold
2025-10-06,EABL,East African Breweries Ltd,214.0,212.55,213.575,31.895223420647152,14.4,1.0,1.0,Buy
2025-10-07,EABL,East African Breweries Ltd,215.5,213.45,213.65,32.81972265023113,13.8,1.5,5.0,Buy
2025-10-08,EABL,East African Breweries Ltd,216.75,214.45,213.8,33.59013867488444,13.3,1.25,2.5,Hold
2025-10-09,EABL,East African Breweries Ltd,217.0,215.25,214.1,33.7442218798151,13.2,0.25,4.0,Sell
2025-09-09,EGAD,Eaagads Ltd,19.6,20.07,21.16,81.4814814814815,18.67219917012448,0.0500000000000007,0.9499999999999992,Buy
2025-09-10,EGAD,Eaagads Ltd,20.5,20.01,20.955,89.81481481481481,14.93775933609959,0.8999999999999986,0.0,Sell
2025-09-11,EGAD,Eaagads Ltd,19.05,19.65,20.52,76.38888888888889,20.95435684647303,-1.4499999999999993,2.0,Buy
2025-09-12,EGAD,Eaagads Ltd,20.35,19.81,20.415,88.42592592592592,15.560165975103734,1.3000000000000007,2.5,Buy
2025-10-01,EGAD,Eaagads Ltd,20.4,19.83,19.78,88.88888888888886,15.352697095435698,-0.1500000000000021,0.1500000000000021,Buy
2025-10-02,EGAD,Eaagads Ltd,20.85,20.4,19.96,93.05555555555556,13.485477178423237,0.4500000000000028,0.5,Hold
2025-10-03,EGAD,Eaagads Ltd,20.9,20.58,20.05,93.51851851851848,13.278008298755198,0.0499999999999971,2.0,Buy
2025-10-06,EGAD,Eaagads Ltd,21.65,20.87,20.24,100.46296296296292,10.165975103734452,0.75,0.5,Hold
2025-10-07,EGAD,Eaagads Ltd,21.65,21.09,20.405,100.46296296296292,10.165975103734452,0.0,1.8999999999999984,Sell
2025-10-08,EGAD,Eaagads Ltd,20.05,21.02,20.425,85.64814814814814,16.804979253112034,-1.599999999999998,1.6499999999999986,Buy
2025-10-09,EGAD,Eaagads Ltd,20.25,20.9,20.65,87.49999999999999,15.975103734439838,0.1999999999999993,1.599999999999998,Buy
2025-09-09,EQTY,Equity Group Holdings Plc,55.25,55.45,55.725,34.10194174757281,9.053497942386832,0.25,1.0,Hold
2025-09-10,EQTY,Equity Group Holdings Plc,55.25,55.3,55.65,34.10194174757281,22.183098591549296,0.0,1.75,Sell
2025-09-11,EQTY,Equity Group Holdings Plc,54.75,55.15,55.525,32.888349514563096,22.88732394366197,-0.5,0.75,Sell
2025-09-12,EQTY,Equity Group Holdings Plc,54.25,54.9,55.35,31.67475728155339,23.591549295774648,-0.5,1.0,Hold
2025-10-01,EQTY,Equity Group Holdings Plc,58.0,57.75,56.25,40.776699029126206,18.30985915492958,0.0,0.5,Hold
2025-10-02,EQTY,Equity Group Holdings Plc,58.0,57.95,56.675,40.776699029126206,18.30985915492958,0.0,1.0,Hold
2025-10-03,EQTY,Equity Group Holdings Plc,58.25,58.0,57.1,41.38349514563106,17.95774647887324,0.25,1.0,Hold
2025-10-06,EQTY,Equity Group Holdings Plc,58.5,58.15,57.525,41.99029126213591,17.6056338028169,0.25,1.0,Hold
2025-10-07,EQTY,Equity Group Holdings Plc,58.5,58.25,57.9,41.99029126213591,17.6056338028169,0.0,0.75,Hold
2025-10-08,EQTY,Equity Group Holdings Plc,58.75,58.4,58.075,42.59708737864077,17.253521126760564,0.25,1.25,Hold
2025-10-09,EQTY,Equity Group Holdings Plc,59.0,58.6,58.275,43.203883495145625,16.901408450704224,0.25,1.25,Hold
2025-09-09,EVRD,Eveready East Africa Ltd,1.36,1.3560000000000003,1.368,81.33333333333334,16.049382716049383,0.0,0.1099999999999998,Buy
2025-09-10,EVRD,Eveready East Africa Ltd,1.38,1.36,1.371,83.99999999999999,14.814814814814827,0.0199999999999997,0.1099999999999998,Sell
2025-09-11,EVRD,Eveready East Africa Ltd,1.35,1.35,1.37,80.00000000000001,16.666666666666664,-0.0299999999999998,0.1199999999999998,Sell
2025-09-12,EVRD,Eveready East Africa Ltd,1.34,1.358,1.364,78.66666666666667,17.283950617283953,-0.01,0.0999999999999998,Sell
2025-10-01,EVRD,Eveready East Africa Ltd,1.4,1.41,1.417,86.66666666666666,13.580246913580256,-0.01,0.02,Sell
2025-10-02,EVRD,Eveready East Africa Ltd,1.39,1.4040000000000004,1.416,85.33333333333331,14.19753086419754,-0.01,0.0499999999999998,Buy
2025-10-03,EVRD,Eveready East Africa Ltd,1.4,1.402,1.414,86.66666666666666,13.580246913580256,0.01,0.03,Hold
2025-10-06,EVRD,Eveready East Africa Ltd,1.4,1.4,1.412,86.66666666666666,13.580246913580256,0.0,0.0499999999999998,Buy
2025-10-07,EVRD,Eveready East Africa Ltd,1.42,1.402,1.411,89.33333333333331,12.34567901234569,0.02,0.02,Sell
2025-10-08,EVRD,Eveready East Africa Ltd,1.39,1.4,1.4049999999999998,85.33333333333331,14.19753086419754,-0.03,0.0499999999999998,Sell
2025-10-09,EVRD,Eveready East Africa Ltd,1.37,1.3960000000000004,1.4,82.66666666666667,15.432098765432098,-0.0199999999999997,0.0599999999999998,Sell
2025-09-09,FTGH,Flame Tree Group Holdings Ltd,1.6,1.4740000000000006,1.5420000000000005,88.23529411764707,31.330472103004293,0.1,0.2299999999999999,Buy
2025-09-10,FTGH,Flame Tree Group Holdings Ltd,1.76,1.5560000000000005,1.5340000000000005,107.05882352941175,24.46351931330472,0.1599999999999999,0.1499999999999999,Buy
2025-09-11,FTGH,Flame Tree Group Holdings Ltd,1.91,1.6500000000000008,1.5530000000000002,124.70588235294116,18.02575107296138,0.1499999999999999,0.1699999999999999,Hold
2025-09-12,FTGH,Flame Tree Group Holdings Ltd,1.91,1.7360000000000009,1.588,124.70588235294116,18.02575107296138,0.0,0.0599999999999998,Sell
2025-10-01,FTGH,Flame Tree Group Holdings Ltd,1.68,1.6540000000000006,1.673,97.6470588235294,27.89699570815451,0.0799999999999998,0.05,Sell
2025-10-02,FTGH,Flame Tree Group Holdings Ltd,1.62,1.638000000000001,1.671,90.58823529411768,30.47210300429185,-0.0599999999999998,0.1099999999999998,Buy
2025-10-03,FTGH,Flame Tree Group Holdings Ltd,1.67,1.6500000000000008,1.6689999999999998,96.47058823529412,28.32618025751073,0.0499999999999998,0.1199999999999998,Hold
2025-10-06,FTGH,Flame Tree Group Holdings Ltd,1.67,1.6480000000000008,1.664,96.47058823529412,28.32618025751073,0.0,0.1099999999999998,Sell
2025-10-07,FTGH,Flame Tree Group Holdings Ltd,1.57,1.6420000000000006,1.65,84.70588235294119,32.61802575107296,-0.0999999999999998,0.1299999999999999,Buy
2025-10-08,FTGH,Flame Tree Group Holdings Ltd,1.58,1.6220000000000006,1.638,85.88235294117649,32.18884120171674,0.01,0.1199999999999998,Buy
2025-10-09,FTGH,Flame Tree Group Holdings Ltd,1.67,1.6320000000000008,1.6349999999999998,96.47058823529412,28.32618025751073,0.0899999999999998,0.03,Sell
2025-09-09,GLD,Absa Newgold Etf,4400.0,4296.0,4206.0,46.66666666666666,55.10204081632652,125.0,0.0,Hold
2025-09-10,GLD,Absa Newgold Etf,4390.0,4321.0,4236.0,46.33333333333333,55.20408163265306,-10.0,10.0,Hold
2025-09-11,GLD,Absa Newgold Etf,4380.0,4344.0,4264.0,46.0,55.30612244897959,-10.0,30.0,Hold
2025-09-12,GLD,Absa Newgold Etf,4390.0,4367.0,4292.5,46.33333333333333,55.20408163265306,10.0,0.0,Hold
2025-10-01,GLD,Absa Newgold Etf,4680.0,4637.0,4547.5,56.00000000000001,52.24489795918368,60.0,0.0,Hold
2025-10-02,GLD,Absa Newgold Etf,4680.0,4666.0,4572.5,56.00000000000001,52.24489795918368,0.0,35.0,Hold
2025-10-03,GLD,Absa Newgold Etf,4675.0,4650.0,4597.0,55.833333333333336,52.295918367346935,-5.0,15.0,Buy
2025-10-06,GLD,Absa Newgold Etf,4755.0,4682.0,4623.5,58.5,51.4795918367347,80.0,390.0,Hold
2025-10-07,GLD,Absa Newgold Etf,4765.0,4711.0,4653.0,58.833333333333336,51.37755102040816,10.0,15.0,Hold
2025-10-08,GLD,Absa Newgold Etf,4765.0,4728.0,4682.5,58.833333333333336,51.37755102040816,0.0,0.0,Buy
2025-10-09,GLD,Absa Newgold Etf,4900.0,4772.0,4719.0,63.33333333333333,50.0,135.0,625.0,Buy
2025-09-09,HAFR,Home Afrika Ltd,1.59,1.36,1.144,430.00000000000006,13.114754098360654,0.1200000000000001,0.1100000000000001,Buy
2025-09-10,HAFR,Home Afrika Ltd,1.67,1.464,1.223,406.060606060606,8.74316939890711,0.0799999999999998,0.1299999999999999,Buy
2025-09-11,HAFR,Home Afrika Ltd,1.77,1.57,1.314,436.3636363636363,3.2786885245901667,0.1,0.2199999999999999,Sell
2025-09-12,HAFR,Home Afrika Ltd,1.69,1.638,1.395,412.121212121212,7.650273224043723,-0.08,0.1299999999999999,Sell
2025-10-01,HAFR,Home Afrika Ltd,1.25,1.2280000000000002,1.146,278.78787878787875,31.693989071038253,0.01,0.1400000000000001,Buy
2025-10-02,HAFR,Home Afrika Ltd,1.31,1.268,1.153,296.969696969697,28.415300546448087,0.06,0.08,Sell
2025-10-03,HAFR,Home Afrika Ltd,1.28,1.28,1.169,287.8787878787878,30.05464480874317,-0.03,0.1300000000000001,Sell
2025-10-06,HAFR,Home Afrika Ltd,1.26,1.268,1.194,281.8181818181818,31.14754098360656,-0.02,0.06,Hold
2025-10-07,HAFR,Home Afrika Ltd,1.26,1.272,1.226,281.8181818181818,31.14754098360656,0.0,0.07,Sell
2025-10-08,HAFR,Home Afrika Ltd,1.24,1.2700000000000002,1.249,275.7575757575757,32.240437158469945,-0.02,0.1,Sell
2025-10-09,HAFR,Home Afrika Ltd,1.16,1.24,1.254,251.51515151515147,36.6120218579235,-0.08,0.1699999999999999,Buy
2025-09-09,HFCK,Hf Group Ltd,11.0,10.98,10.324,231.32530120481923,3.5087719298245648,0.0,0.5999999999999996,Hold
2025-09-10,HFCK,Hf Group Ltd,10.95,10.99,10.453,229.8192771084337,3.947368421052641,-0.0500000000000007,0.4000000000000003,Hold
2025-09-11,HFCK,Hf Group Ltd,11.0,10.99,10.599,231.32530120481923,3.5087719298245648,0.0500000000000007,0.25,Hold
2025-09-12,HFCK,Hf Group Ltd,11.0,10.99,10.741,231.32530120481923,3.5087719298245648,0.0,0.200000000000001,Hold
2025-10-01,HFCK,Hf Group Ltd,10.7,10.67,10.435,222.289156626506,6.140350877192992,0.0499999999999989,0.25,Hold
2025-10-02,HFCK,Hf Group Ltd,10.65,10.65,10.48,220.78313253012047,6.578947368421052,-0.0499999999999989,0.3000000000000007,Sell
2025-10-03,HFCK,Hf Group Ltd,10.5,10.59,10.52,216.26506024096383,7.8947368421052655,-0.1500000000000003,0.5,Buy
2025-10-06,HFCK,Hf Group Ltd,10.65,10.63,10.58,220.78313253012047,6.578947368421052,0.1500000000000003,0.25,Sell
2025-10-07,HFCK,Hf Group Ltd,10.45,10.59,10.595,214.75903614457823,8.333333333333343,-0.200000000000001,0.6499999999999986,Sell
2025-10-08,HFCK,Hf Group Ltd,10.15,10.48,10.575,205.72289156626508,10.964912280701752,-0.2999999999999989,0.4000000000000003,Hold
2025-10-09,HFCK,Hf Group Ltd,10.15,10.38,10.515,205.72289156626508,10.964912280701752,0.0,0.4199999999999999,Buy
2025-09-09,IMH,I & M Holdings Plc,42.1,40.8,39.86,70.1010101010101,6.0267857142857055,0.8999999999999986,1.5,Buy
2025-09-10,IMH,I & M Holdings Plc,44.0,41.6,40.405,57.14285714285714,4.761904761904768,1.8999999999999984,2.4000000000000057,Buy
2025-09-11,IMH,I & M Holdings Plc,44.25,42.34,40.99,58.03571428571429,4.220779220779226,0.25,1.1499999999999986,Sell
2025-09-12,IMH,I & M Holdings Plc,43.75,43.06,41.5,56.25,5.303030303030309,-0.5,0.4500000000000028,Hold
2025-10-01,IMH,I & M Holdings Plc,42.95,42.95,42.95,53.39285714285715,7.0346320346320335,-0.0499999999999971,0.7999999999999972,Hold
2025-10-02,IMH,I & M Holdings Plc,42.95,42.97,42.92,53.39285714285715,7.0346320346320335,0.0,0.1499999999999985,Hold
2025-10-03,IMH,I & M Holdings Plc,42.95,42.970000000000006,42.915,53.39285714285715,7.0346320346320335,0.0,0.1499999999999985,Hold
2025-10-06,IMH,I & M Holdings Plc,42.8,42.93,42.905,52.85714285714285,7.359307359307371,-0.1500000000000056,0.25,Hold
2025-10-07,IMH,I & M Holdings Plc,42.9,42.91,42.915000000000006,53.21428571428572,7.142857142857152,0.1000000000000014,0.1499999999999985,Hold
2025-10-08,IMH,I & M Holdings Plc,43.0,42.92,42.935,53.57142857142857,6.926406926406932,0.1000000000000014,0.1499999999999985,Hold
2025-10-09,IMH,I & M Holdings Plc,42.9,42.91,42.94,53.21428571428572,7.142857142857152,-0.1000000000000014,0.3500000000000014,Sell
2025-09-09,JUB,Jubilee Holdings Ltd,319.75,308.2,299.375,99.53198127925116,4.694485842026825,9.0,30.0,Sell
2025-09-10,JUB,Jubilee Holdings Ltd,318.0,311.7,303.7,96.29629629629628,5.216095380029806,-1.75,2.0,Sell
2025-09-11,JUB,Jubilee Holdings Ltd,306.5,312.05,305.5,89.19753086419753,8.64381520119225,-11.5,4.0,Buy
2025-09-12,JUB,Jubilee Holdings Ltd,310.75,313.15,307.125,91.820987654321,7.377049180327869,4.25,11.75,Buy
2025-10-01,JUB,Jubilee Holdings Ltd,319.75,317.85,318.125,97.37654320987654,4.694485842026825,5.5,5.75,Hold
2025-10-02,JUB,Jubilee Holdings Ltd,320.0,317.85,318.2,97.53086419753086,4.619970193740686,0.25,3.75,Buy
2025-10-03,JUB,Jubilee Holdings Ltd,322.75,318.35,318.05,99.2283950617284,3.8002980625931446,2.75,5.0,Buy
2025-10-06,JUB,Jubilee Holdings Ltd,325.0,320.35,319.2,100.61728395061728,3.129657228017884,2.25,6.75,Hold
2025-10-07,JUB,Jubilee Holdings Ltd,325.5,322.6,319.75,100.92592592592592,2.980625931445604,0.5,1.0,Sell
2025-10-08,JUB,Jubilee Holdings Ltd,317.75,322.2,320.025,96.14197530864196,5.290611028315946,-7.75,12.75,Buy
2025-10-09,JUB,Jubilee Holdings Ltd,320.0,322.2,320.025,97.53086419753086,4.619970193740686,2.25,12.0,Sell
2025-09-09,KAPC,Kapchorua Tea Kenya Plc,320.5,322.2,322.9,60.25,24.454920447849148,-6.5,12.0,Buy
2025-09-10,KAPC,Kapchorua Tea Kenya Plc,326.25,325.0,323.2,64.77272727272727,23.09958750736594,5.75,1.0,Hold
2025-09-11,KAPC,Kapchorua Tea Kenya Plc,327.0,325.5,323.0,65.15151515151516,22.922804949911608,0.75,0.25,Hold
2025-09-12,KAPC,Kapchorua Tea Kenya Plc,327.0,325.55,323.0,65.15151515151516,22.922804949911608,0.0,0.0,Hold
2025-10-01,KAPC,Kapchorua Tea Kenya Plc,399.75,351.05,337.425,101.8939393939394,5.774896876841485,34.25,34.75,Sell
2025-10-02,KAPC,Kapchorua Tea Kenya Plc,390.75,363.4,345.35,97.34848484848484,7.896287566293458,-9.0,10.75,Sell
2025-10-03,KAPC,Kapchorua Tea Kenya Plc,385.75,375.15,351.225,94.82323232323232,9.074837949322331,-5.0,24.5,Buy
2025-10-06,KAPC,Kapchorua Tea Kenya Plc,413.5,391.05,359.875,108.83838383838383,2.53388332351208,27.75,24.25,Sell
2025-10-07,KAPC,Kapchorua Tea Kenya Plc,391.5,396.25,366.375,97.72727272727272,7.719505008839128,-22.0,27.0,Sell
2025-10-08,KAPC,Kapchorua Tea Kenya Plc,387.0,393.7,372.375,95.45454545454544,8.780200353565116,-4.5,23.75,Sell
2025-10-09,KAPC,Kapchorua Tea Kenya Plc,383.5,392.25,377.825,93.68686868686868,9.605185621685328,-3.5,15.0,Buy
2025-09-09,KCB,Kcb Group Plc,51.75,51.65,52.85,47.85714285714286,11.538461538461538,0.5,1.5,Buy
2025-09-10,KCB,Kcb Group Plc,52.25,51.35,52.7,49.28571428571429,27.93103448275862,0.5,1.25,Buy
2025-09-11,KCB,Kcb Group Plc,53.0,51.85,52.6,51.42857142857142,26.89655172413793,0.75,1.5,Hold
2025-09-12,KCB,Kcb Group Plc,53.0,52.25,52.475,51.42857142857142,26.89655172413793,0.0,1.0,Hold
2025-10-01,KCB,Kcb Group Plc,56.5,56.8,55.825,61.42857142857143,22.06896551724138,-0.25,1.0,Buy
2025-10-02,KCB,Kcb Group Plc,57.0,56.8,56.2,62.85714285714285,21.379310344827587,0.5,0.75,Hold
2025-10-03,KCB,Kcb Group Plc,57.0,56.8,56.525,62.85714285714285,21.379310344827587,0.0,1.25,Sell
2025-10-06,KCB,Kcb Group Plc,56.5,56.75,56.75,61.42857142857143,22.06896551724138,-0.5,1.0,Hold
2025-10-07,KCB,Kcb Group Plc,56.75,56.75,56.875,62.142857142857146,21.72413793103448,0.25,0.5,Hold
2025-10-08,KCB,Kcb Group Plc,56.5,56.75,56.775,61.42857142857143,22.06896551724138,-0.25,0.75,Hold
2025-10-09,KCB,Kcb Group Plc,56.5,56.65,56.725,61.42857142857143,22.06896551724138,0.0,0.75,Buy
2025-09-09,KEGN,Kenya Electricity Generating Company Plc,10.1,9.854,9.401,227.9220779220779,2.8846153846153912,0.0499999999999989,0.25,Sell
2025-09-10,KEGN,Kenya Electricity Generating Company Plc,10.0,9.922,9.601,203.03030303030303,6.976744186046512,-0.0999999999999996,0.2599999999999998,Sell
2025-09-11,KEGN,Kenya Electricity Generating Company Plc,9.86,9.962,9.759,198.7878787878788,8.279069767441866,-0.1400000000000005,0.4800000000000004,Sell
2025-09-12,KEGN,Kenya Electricity Generating Company Plc,9.56,9.914,9.839,189.6969696969697,11.06976744186046,-0.2999999999999989,0.3800000000000008,Buy
2025-10-01,KEGN,Kenya Electricity Generating Company Plc,8.66,8.74,8.943999999999999,162.42424242424244,19.44186046511628,0.0400000000000009,0.3599999999999994,Buy
2025-10-02,KEGN,Kenya Electricity Generating Company Plc,9.12,8.788,8.925999999999998,176.36363636363637,15.162790697674424,0.4599999999999991,0.9000000000000004,Buy
2025-10-03,KEGN,Kenya Electricity Generating Company Plc,10.0,9.024,9.016,203.03030303030303,6.976744186046512,0.8800000000000008,0.4600000000000008,Sell
2025-10-06,KEGN,Kenya Electricity Generating Company Plc,9.58,9.196,9.053999999999998,190.3030303030304,10.883720930232558,-0.4199999999999999,0.5800000000000001,Sell
2025-10-07,KEGN,Kenya Electricity Generating Company Plc,9.28,9.328,9.068,181.2121212121212,13.67441860465117,-0.3000000000000007,0.9599999999999992,Sell
2025-10-08,KEGN,Kenya Electricity Generating Company Plc,9.1,9.416,9.078,175.75757575757575,15.34883720930233,-0.1799999999999997,0.5999999999999996,Buy
2025-10-09,KEGN,Kenya Electricity Generating Company Plc,9.28,9.448,9.118,181.2121212121212,13.67441860465117,0.1799999999999997,0.4000000000000003,Sell
2025-09-09,KNRE,Kenya Re-Insurance Corporation Ltd,3.29,3.307999999999999,3.215,213.3333333333333,12.73209549071618,0.29,0.0999999999999996,Buy
2025-09-10,KNRE,Kenya Re-Insurance Corporation Ltd,3.6,3.3039999999999994,3.281,242.85714285714283,4.509283819628646,0.31,0.1499999999999999,Sell
2025-09-11,KNRE,Kenya Re-Insurance Corporation Ltd,3.46,3.3039999999999994,3.33,229.52380952380952,8.222811671087534,-0.1400000000000001,0.29,Sell
2025-09-12,KNRE,Kenya Re-Insurance Corporation Ltd,3.33,3.3359999999999994,3.364,217.1428571428572,11.671087533156497,-0.1299999999999999,0.3799999999999999,Buy
2025-10-01,KNRE,Kenya Re-Insurance Corporation Ltd,3.16,3.168,3.1710000000000003,200.952380952381,16.18037135278514,0.0,0.0300000000000002,Buy
2025-10-02,KNRE,Kenya Re-Insurance Corporation Ltd,3.18,3.168,3.1700000000000004,202.85714285714283,15.649867374005302,0.02,0.0500000000000002,Hold
2025-10-03,KNRE,Kenya Re-Insurance Corporation Ltd,3.19,3.1699999999999995,3.175,203.8095238095237,15.384615384615383,0.0099999999999997,0.04,Sell
2025-10-06,KNRE,Kenya Re-Insurance Corporation Ltd,3.17,3.172,3.1750000000000003,201.9047619047619,15.915119363395227,-0.02,0.0500000000000002,Sell
2025-10-07,KNRE,Kenya Re-Insurance Corporation Ltd,3.1,3.16,3.167,195.2380952380952,17.771883289124666,-0.0699999999999998,0.1699999999999999,Sell
2025-10-08,KNRE,Kenya Re-Insurance Corporation Ltd,3.04,3.1359999999999992,3.152,189.52380952380952,19.363395225464192,-0.06,0.1200000000000001,Sell
2025-10-09,KNRE,Kenya Re-Insurance Corporation Ltd,2.95,3.0899999999999994,3.1290000000000004,180.95238095238096,21.75066312997347,-0.0899999999999998,0.1599999999999997,Buy
2025-09-09,KPLC,Kenya Power And Lighting Company Plc,14.5,14.07,13.65,367.741935483871,8.227848101265826,0.4000000000000003,0.5,Hold
2025-09-10,KPLC,Kenya Power And Lighting Company Plc,14.55,14.13,13.84,369.35483870967744,7.911392405063291,0.0500000000000007,0.5499999999999989,Sell
2025-09-11,KPLC,Kenya Power And Lighting Company Plc,14.3,14.19,14.0,361.2903225806452,9.493670886075948,-0.25,0.8999999999999986,Buy
2025-09-12,KPLC,Kenya Power And Lighting Company Plc,14.4,14.37,14.16,364.5161290322581,8.860759493670887,0.0999999999999996,0.6500000000000004,Buy
2025-10-01,KPLC,Kenya Power And Lighting Company Plc,14.4,13.95,14.09,364.5161290322581,8.860759493670887,0.450000000000001,0.5,Buy
2025-10-02,KPLC,Kenya Power And Lighting Company Plc,14.75,14.16,14.125,375.8064516129032,6.64556962025317,0.3499999999999996,0.9000000000000004,Buy
2025-10-03,KPLC,Kenya Power And Lighting Company Plc,15.5,14.47,14.25,400.0,1.8987341772151944,0.75,0.8000000000000007,Sell
2025-10-06,KPLC,Kenya Power And Lighting Company Plc,15.15,14.75,14.335,388.7096774193549,4.113924050632913,-0.3499999999999996,0.6999999999999993,Sell
2025-10-07,KPLC,Kenya Power And Lighting Company Plc,14.25,14.81,14.345,359.6774193548387,9.810126582278484,-0.9000000000000004,1.3499999999999996,Sell
2025-10-08,KPLC,Kenya Power And Lighting Company Plc,13.65,14.66,14.305,340.3225806451613,13.60759493670886,-0.5999999999999996,1.1500000000000004,Sell
2025-10-09,KPLC,Kenya Power And Lighting Company Plc,13.4,14.39,14.275,332.258064516129,15.18987341772152,-0.25,0.4000000000000003,Sell
2025-09-09,KQ,Kenya Airways Plc,4.38,4.044,3.924,180.7692307692308,52.28758169934641,-0.0200000000000004,0.1299999999999999,Hold
2025-09-10,KQ,Kenya Airways Plc,4.36,4.178,3.96,179.4871794871795,52.50544662309368,-0.0199999999999995,0.1100000000000003,Hold
2025-09-11,KQ,Kenya Airways Plc,4.37,4.305999999999999,4.013,180.12820512820514,52.39651416122004,0.0099999999999997,0.08,Sell
2025-09-12,KQ,Kenya Airways Plc,4.34,4.369999999999999,4.073,178.2051282051282,52.72331154684096,-0.0300000000000002,0.0700000000000002,Sell
2025-10-01,KQ,Kenya Airways Plc,3.94,3.97,3.992,152.56410256410254,57.08061002178649,0.0299999999999998,0.0700000000000002,Hold
2025-10-02,KQ,Kenya Airways Plc,3.94,3.95,3.987000000000001,152.56410256410254,57.08061002178649,0.0,0.3000000000000002,Sell
2025-10-03,KQ,Kenya Airways Plc,3.91,3.934,3.972,150.64102564102564,57.407407407407405,-0.0299999999999998,0.0899999999999998,Sell
2025-10-06,KQ,Kenya Airways Plc,3.89,3.918,3.961,149.35897435897436,57.62527233115468,-0.02,0.2499999999999995,Sell
2025-10-07,KQ,Kenya Airways Plc,3.86,3.908,3.946,147.43589743589743,57.9520697167756,-0.0300000000000002,0.0700000000000002,Hold
2025-10-08,KQ,Kenya Airways Plc,3.86,3.892,3.931,147.43589743589743,57.9520697167756,0.0,0.1800000000000001,Hold
2025-10-09,KQ,Kenya Airways Plc,3.87,3.878,3.914,148.0769230769231,57.843137254901954,0.0100000000000002,0.1500000000000003,Buy
2025-09-09,KUKZ,Kakuzi Plc,421.5,402.9,401.3,15.47945205479452,4.204545454545454,-1.5,3.0,Hold
2025-09-10,KUKZ,Kakuzi Plc,422.0,410.3,403.45,15.616438356164384,4.090909090909091,0.5,0.0,Sell
2025-09-11,KUKZ,Kakuzi Plc,388.5,409.0,399.75,6.438356164383562,11.704545454545457,-33.5,37.0,Buy
2025-09-12,KUKZ,Kakuzi Plc,422.0,415.4,403.25,15.616438356164384,4.090909090909091,33.5,0.0,Sell
2025-10-01,KUKZ,Kakuzi Plc,422.25,419.5,416.975,15.684931506849315,4.034090909090909,-2.25,2.0,Buy
2025-10-02,KUKZ,Kakuzi Plc,426.0,422.0,417.45,16.71232876712329,3.1818181818181817,3.75,1.0,Buy
2025-10-03,KUKZ,Kakuzi Plc,438.0,426.9,418.775,20.0,0.4545454545454545,12.0,10.5,Sell
2025-10-06,KUKZ,Kakuzi Plc,416.75,425.5,420.85,14.178082191780822,5.284090909090909,-21.25,34.0,Buy
2025-10-07,KUKZ,Kakuzi Plc,430.0,426.6,421.3,17.80821917808219,2.272727272727273,13.25,0.0,Sell
2025-10-08,KUKZ,Kakuzi Plc,420.5,426.25,422.875,15.205479452054796,4.431818181818182,-9.5,6.0,Sell
2025-10-09,KUKZ,Kakuzi Plc,398.5,420.75,421.375,9.178082191780822,9.431818181818182,-22.0,30.5,Buy
2025-09-09,LAPR,Laptrust Imara Income-Reit,20.0,20.0,20.0,0.0,0.0,0.0,0.0,Hold
2025-09-10,LAPR,Laptrust Imara Income-Reit,20.0,20.0,20.0,0.0,0.0,0.0,0.0,Hold
2025-09-11,LAPR,Laptrust Imara Income-Reit,20.0,20.0,20.0,0.0,0.0,0.0,0.0,Hold
2025-09-12,LAPR,Laptrust Imara Income-Reit,20.0,20.0,20.0,0.0,0.0,0.0,0.0,Hold
2025-10-01,LAPR,Laptrust Imara Income-Reit,20.0,20.0,20.0,0.0,0.0,0.0,0.0,Hold
2025-10-02,LAPR,Laptrust Imara Income-Reit,20.0,20.0,20.0,0.0,0.0,0.0,0.0,Hold
2025-10-03,LAPR,Laptrust Imara Income-Reit,20.0,20.0,20.0,0.0,0.0,0.0,0.0,Hold
2025-10-06,LAPR,Laptrust Imara Income-Reit,20.0,20.0,20.0,0.0,0.0,0.0,0.0,Hold
2025-10-07,LAPR,Laptrust Imara Income-Reit,20.0,20.0,20.0,0.0,0.0,0.0,0.0,Hold
2025-10-08,LAPR,Laptrust Imara Income-Reit,20.0,20.0,20.0,0.0,0.0,0.0,0.0,Hold
2025-10-09,LAPR,Laptrust Imara Income-Reit,20.0,20.0,20.0,0.0,0.0,0.0,0.0,Hold
2025-09-09,LBTY,Liberty Kenya Holdings Ltd,11.2,11.070000000000002,10.925,92.43986254295532,8.196721311475411,-0.200000000000001,0.5,Sell
2025-09-10,LBTY,Liberty Kenya Holdings Ltd,11.1,11.13,10.94,90.72164948453609,9.016393442622949,-0.0999999999999996,0.5,Hold
2025-09-11,LBTY,Liberty Kenya Holdings Ltd,11.05,11.150000000000002,11.005,89.86254295532646,9.426229508196707,-0.0499999999999989,0.0999999999999996,Hold
2025-09-12,LBTY,Liberty Kenya Holdings Ltd,11.0,11.150000000000002,11.015,89.00343642611683,9.836065573770489,-0.0500000000000007,0.2999999999999989,Hold
2025-10-01,LBTY,Liberty Kenya Holdings Ltd,11.0,10.85,10.6,89.00343642611683,9.836065573770489,0.0500000000000007,0.1999999999999993,Hold
2025-10-02,LBTY,Liberty Kenya Holdings Ltd,10.95,10.94,10.675,88.1443298969072,10.245901639344265,-0.0500000000000007,0.0500000000000007,Hold
2025-10-03,LBTY,Liberty Kenya Holdings Ltd,10.9,10.95,10.74,87.2852233676976,10.655737704918025,-0.0499999999999989,0.1999999999999993,Hold
2025-10-06,LBTY,Liberty Kenya Holdings Ltd,10.85,10.93,10.8,86.42611683848796,11.065573770491802,-0.0500000000000007,0.1999999999999993,Sell
2025-10-07,LBTY,Liberty Kenya Holdings Ltd,10.75,10.89,10.825,84.70790378006872,11.88524590163934,-0.0999999999999996,0.6500000000000004,Sell
2025-10-08,LBTY,Liberty Kenya Holdings Ltd,10.65,10.820000000000002,10.835,82.98969072164948,12.704918032786876,-0.0999999999999996,0.5500000000000007,Buy
2025-10-09,LBTY,Liberty Kenya Holdings Ltd,10.85,10.8,10.87,86.42611683848796,11.065573770491802,0.1999999999999993,0.1500000000000003,Hold
2025-09-09,LIMT,Limuru Tea Plc,310.0,310.0,310.125,5.084745762711865,18.421052631578945,0.0,0.0,Hold
2025-09-10,LIMT,Limuru Tea Plc,310.0,310.0,310.1,5.084745762711865,26.80047225501771,0.0,0.0,Hold
2025-09-11,LIMT,Limuru Tea Plc,310.0,310.0,310.075,5.084745762711865,26.80047225501771,0.0,0.0,Hold
2025-09-12,LIMT,Limuru Tea Plc,310.0,310.0,310.05,5.084745762711865,26.80047225501771,0.0,0.0,Hold
2025-10-01,LIMT,Limuru Tea Plc,380.0,379.2,370.2,28.8135593220339,10.271546635182998,0.0,1.0,Hold
2025-10-02,LIMT,Limuru Tea Plc,380.0,379.2,374.1,28.8135593220339,10.271546635182998,0.0,0.0,Hold
2025-10-03,LIMT,Limuru Tea Plc,379.0,379.8,377.925,28.474576271186443,10.50767414403778,-1.0,5.0,Hold
2025-10-06,LIMT,Limuru Tea Plc,380.0,379.8,378.45,28.8135593220339,10.271546635182998,1.0,0.0,Hold
2025-10-07,LIMT,Limuru Tea Plc,380.0,379.8,378.975,28.8135593220339,10.271546635182998,0.0,5.0,Sell
2025-10-08,LIMT,Limuru Tea Plc,376.75,379.15,379.175,27.71186440677966,11.03896103896104,-3.25,30.0,Buy
2025-10-09,LIMT,Limuru Tea Plc,380.0,379.15,379.175,28.8135593220339,10.271546635182998,3.25,0.0,Sell
2025-09-09,LKL,Longhorn Publishers Plc,2.96,2.9480000000000013,2.946,40.95238095238095,14.697406340057642,0.1400000000000001,0.2000000000000001,Buy
2025-09-10,LKL,Longhorn Publishers Plc,3.0,2.9440000000000017,2.966,42.85714285714285,13.544668587896258,0.04,0.1,Sell
2025-09-11,LKL,Longhorn Publishers Plc,2.94,2.942000000000001,2.964,39.99999999999999,15.273775216138336,-0.06,0.2299999999999999,Sell
2025-09-12,LKL,Longhorn Publishers Plc,2.86,2.9160000000000017,2.951,36.190476190476176,17.579250720461104,-0.08,0.1899999999999999,Buy
2025-10-01,LKL,Longhorn Publishers Plc,3.03,3.016000000000002,3.012,44.28571428571427,12.680115273775227,0.0099999999999997,0.0100000000000002,Buy
2025-10-02,LKL,Longhorn Publishers Plc,3.3,3.070000000000001,3.044,57.14285714285713,4.899135446685889,0.27,0.2299999999999999,Sell
2025-10-03,LKL,Longhorn Publishers Plc,3.22,3.112000000000001,3.066,53.333333333333336,7.204610951008646,-0.0799999999999996,0.0999999999999996,Buy
2025-10-06,LKL,Longhorn Publishers Plc,3.25,3.164000000000001,3.089,54.76190476190476,6.340057636887614,0.0299999999999998,0.0999999999999996,Hold
2025-10-07,LKL,Longhorn Publishers Plc,3.25,3.2100000000000017,3.112,54.76190476190476,6.340057636887614,0.0,0.0499999999999998,Sell
2025-10-08,LKL,Longhorn Publishers Plc,3.09,3.2220000000000013,3.119,47.14285714285713,10.95100864553315,-0.1600000000000001,0.31,Sell
2025-10-09,LKL,Longhorn Publishers Plc,2.94,3.150000000000001,3.11,39.99999999999999,15.273775216138336,-0.1499999999999999,0.4599999999999999,Buy
2025-09-09,MSC,Mumias Sugar Company Ltd,0.27,0.27,0.27,0.0,0.0,0.0,0.0,Hold
2025-09-10,MSC,Mumias Sugar Company Ltd,0.27,0.27,0.27,0.0,0.0,0.0,0.0,Hold
2025-09-11,MSC,Mumias Sugar Company Ltd,0.27,0.27,0.27,0.0,0.0,0.0,0.0,Hold
2025-09-12,MSC,Mumias Sugar Company Ltd,0.27,0.27,0.27,0.0,0.0,0.0,0.0,Hold
2025-10-01,MSC,Mumias Sugar Company Ltd,0.27,0.27,0.27,0.0,0.0,0.0,0.0,Hold
2025-10-02,MSC,Mumias Sugar Company Ltd,0.27,0.27,0.27,0.0,0.0,0.0,0.0,Hold
2025-10-03,MSC,Mumias Sugar Company Ltd,0.27,0.27,0.27,0.0,0.0,0.0,0.0,Hold
2025-10-06,MSC,Mumias Sugar Company Ltd,0.27,0.27,0.27,0.0,0.0,0.0,0.0,Hold
2025-10-07,MSC,Mumias Sugar Company Ltd,0.27,0.27,0.27,0.0,0.0,0.0,0.0,Hold
2025-10-08,MSC,Mumias Sugar Company Ltd,0.27,0.27,0.27,0.0,0.0,0.0,0.0,Hold
2025-10-09,MSC,Mumias Sugar Company Ltd,0.27,0.27,0.27,0.0,0.0,0.0,0.0,Hold
2025-09-09,NBV,Nairobi Business Ventures Ltd,1.57,1.608,1.622,4.666666666666671,32.03463203463203,-0.0699999999999998,0.2299999999999999,Buy
2025-09-10,NBV,Nairobi Business Ventures Ltd,1.66,1.6179999999999997,1.6220000000000003,12.162162162162158,28.138528138528144,0.0899999999999998,0.1299999999999999,Sell
2025-09-11,NBV,Nairobi Business Ventures Ltd,1.63,1.626,1.618,10.135135135135128,29.437229437229444,-0.03,0.1899999999999999,Buy
2025-09-12,NBV,Nairobi Business Ventures Ltd,1.65,1.6299999999999997,1.621,11.486486486486482,28.571428571428577,0.02,0.1699999999999999,Hold
2025-10-01,NBV,Nairobi Business Ventures Ltd,1.61,1.6299999999999997,1.645,8.783783783783791,30.303030303030297,-0.0599999999999998,0.1199999999999998,Hold
2025-10-02,NBV,Nairobi Business Ventures Ltd,1.61,1.624,1.643,8.783783783783791,30.303030303030297,0.0,0.0999999999999998,Buy
2025-10-03,NBV,Nairobi Business Ventures Ltd,1.69,1.64,1.6489999999999998,14.189189189189186,26.83982683982684,0.0799999999999998,0.02,Sell
2025-10-06,NBV,Nairobi Business Ventures Ltd,1.63,1.6419999999999997,1.6469999999999998,10.135135135135128,29.437229437229444,-0.06,0.0999999999999998,Hold
2025-10-07,NBV,Nairobi Business Ventures Ltd,1.63,1.6339999999999997,1.642,10.135135135135128,29.437229437229444,0.0,0.1199999999999998,Buy
2025-10-08,NBV,Nairobi Business Ventures Ltd,1.69,1.6499999999999997,1.64,14.189189189189186,26.83982683982684,0.06,0.02,Sell
2025-10-09,NBV,Nairobi Business Ventures Ltd,1.63,1.6539999999999997,1.639,10.135135135135128,29.437229437229444,-0.06,0.0999999999999998,Sell
2025-09-09,NCBA,Ncba Group Plc,68.25,66.95,65.625,70.625,31.75,-0.25,3.0,Buy
2025-09-10,NCBA,Ncba Group Plc,69.5,67.65,66.2,73.75,30.5,1.25,7.0,Buy
2025-09-11,NCBA,Ncba Group Plc,70.0,68.45,66.9,75.0,30.0,0.5,3.0,Buy
2025-09-12,NCBA,Ncba Group Plc,72.5,69.75,67.725,81.25,27.500000000000004,2.5,2.0,Buy
2025-10-01,NCBA,Ncba Group Plc,69.75,69.4,69.65,74.375,30.25,0.75,1.0,Hold
2025-10-02,NCBA,Ncba Group Plc,70.0,69.4,69.55,75.0,30.0,0.25,0.5,Buy
2025-10-03,NCBA,Ncba Group Plc,70.75,69.75,69.775,76.875,29.25,0.75,1.0,Sell
2025-10-06,NCBA,Ncba Group Plc,70.0,69.9,69.775,75.0,30.0,-0.75,0.5,Hold
2025-10-07,NCBA,Ncba Group Plc,70.0,70.1,69.775,75.0,30.0,0.0,1.5,Hold
2025-10-08,NCBA,Ncba Group Plc,69.75,70.1,69.75,74.375,30.25,-0.25,1.0,Sell
2025-10-09,NCBA,Ncba Group Plc,69.0,69.9,69.65,72.5,31.0,-0.75,1.25,Buy
2025-09-09,NMG,Nation Media Group Plc,13.5,13.320000000000002,13.265,34.32835820895521,12.903225806451612,0.0500000000000007,0.8499999999999996,Buy
2025-09-10,NMG,Nation Media Group Plc,13.6,13.38,13.305,35.3233830845771,12.258064516129034,0.0999999999999996,1.200000000000001,Buy
2025-09-11,NMG,Nation Media Group Plc,13.9,13.560000000000002,13.345,38.30845771144278,10.322580645161288,0.3000000000000007,0.6499999999999986,Sell
2025-09-12,NMG,Nation Media Group Plc,13.8,13.65,13.395,37.31343283582089,10.967741935483868,-0.0999999999999996,1.4499999999999993,Buy
2025-10-01,NMG,Nation Media Group Plc,13.0,13.24,13.195,29.35323383084576,16.129032258064516,-0.3499999999999996,0.9499999999999992,Buy
2025-10-02,NMG,Nation Media Group Plc,13.25,13.3,13.165,31.840796019900488,14.516129032258066,0.25,0.9000000000000004,Hold
2025-10-03,NMG,Nation Media Group Plc,13.25,13.19,13.175,31.840796019900488,14.516129032258066,0.0,0.9000000000000004,Buy
2025-10-06,NMG,Nation Media Group Plc,13.6,13.29,13.23,35.3233830845771,12.258064516129034,0.3499999999999996,0.6499999999999986,Buy
2025-10-07,NMG,Nation Media Group Plc,13.75,13.37,13.305,36.815920398009936,11.29032258064516,0.1500000000000003,0.4000000000000003,Sell
2025-10-08,NMG,Nation Media Group Plc,13.6,13.490000000000004,13.365,35.3233830845771,12.258064516129034,-0.1500000000000003,0.25,Buy
2025-10-09,NMG,Nation Media Group Plc,13.75,13.590000000000003,13.445,36.815920398009936,11.29032258064516,0.1500000000000003,0.6499999999999986,Sell
2025-09-09,NSE,Nairobi Securities Exchange Plc,15.6,15.84,15.239999999999998,183.63636363636363,6.865671641791046,0.0,0.5500000000000007,Hold
2025-09-10,NSE,Nairobi Securities Exchange Plc,15.65,15.73,15.39,184.54545454545453,26.52582159624413,0.0500000000000007,0.6000000000000014,Buy
2025-09-11,NSE,Nairobi Securities Exchange Plc,15.8,15.669999999999998,15.55,187.27272727272728,25.821596244131456,0.1500000000000003,0.4000000000000003,Sell
2025-09-12,NSE,Nairobi Securities Exchange Plc,15.5,15.63,15.64,181.8181818181818,27.23004694835681,-0.3000000000000007,0.7000000000000011,Sell
2025-10-01,NSE,Nairobi Securities Exchange Plc,14.8,14.49,14.24,169.09090909090912,30.516431924882625,0.0500000000000007,0.6499999999999986,Sell
2025-10-02,NSE,Nairobi Securities Exchange Plc,14.7,14.65,14.31,167.27272727272725,30.98591549295775,-0.1000000000000014,0.5999999999999996,Buy
2025-10-03,NSE,Nairobi Securities Exchange Plc,14.9,14.82,14.38,170.9090909090909,30.046948356807512,0.200000000000001,0.5499999999999989,Hold
2025-10-06,NSE,Nairobi Securities Exchange Plc,14.95,14.82,14.47,171.8181818181818,29.812206572769963,0.0499999999999989,0.0499999999999989,Hold
2025-10-07,NSE,Nairobi Securities Exchange Plc,14.95,14.86,14.59,171.8181818181818,29.812206572769963,0.0,0.4000000000000003,Sell
2025-10-08,NSE,Nairobi Securities Exchange Plc,14.55,14.81,14.65,164.54545454545456,31.69014084507042,-0.3999999999999986,1.0,Buy
2025-10-09,NSE,Nairobi Securities Exchange Plc,14.7,14.81,14.73,167.27272727272725,30.98591549295775,0.1499999999999985,1.0,Buy
2025-09-09,OCH,Olympia Capital Holdings Ltd,5.42,5.384,5.226999999999999,100.74074074074072,27.73333333333333,-0.1200000000000001,0.3999999999999994,Hold
2025-09-10,OCH,Olympia Capital Holdings Ltd,5.4,5.388,5.251,100.0,34.306569343065696,-0.0199999999999995,0.5,Sell
2025-09-11,OCH,Olympia Capital Holdings Ltd,5.12,5.332,5.259,89.62962962962962,37.71289537712896,-0.2800000000000002,0.2000000000000001,Sell
2025-09-12,OCH,Olympia Capital Holdings Ltd,5.08,5.312,5.267,88.14814814814814,38.19951338199514,-0.04,0.6200000000000001,Hold
2025-10-01,OCH,Olympia Capital Holdings Ltd,6.52,5.876,5.68,141.48148148148147,20.681265206812665,0.5599999999999996,0.7400000000000002,Sell
2025-10-02,OCH,Olympia Capital Holdings Ltd,6.44,6.0840000000000005,5.774,138.5185185185185,21.65450121654501,-0.0799999999999991,0.2199999999999997,Buy
2025-10-03,OCH,Olympia Capital Holdings Ltd,7.04,6.356,5.928,160.7407407407407,14.355231143552318,0.5999999999999996,0.5600000000000005,Hold
2025-10-06,OCH,Olympia Capital Holdings Ltd,7.04,6.6,6.086,160.7407407407407,14.355231143552318,0.0,0.5,Hold
2025-10-07,OCH,Olympia Capital Holdings Ltd,7.04,6.816,6.24,160.7407407407407,14.355231143552318,0.0,0.4599999999999999,Sell
2025-10-08,OCH,Olympia Capital Holdings Ltd,6.96,6.904000000000001,6.39,157.77777777777774,15.328467153284675,-0.08,0.3399999999999998,Sell
2025-10-09,OCH,Olympia Capital Holdings Ltd,6.6,6.936,6.51,144.44444444444443,19.7080291970803,-0.3600000000000003,0.5999999999999996,Buy
2025-09-09,PORT,East African Portland Cement Ltd,54.5,55.0,57.45,175.9493670886076,15.17509727626459,-0.25,1.5,Sell
2025-09-10,PORT,East African Portland Cement Ltd,54.0,54.25,56.675,120.40816326530611,15.953307392996107,-0.5,1.0,Sell
2025-09-11,PORT,East African Portland Cement Ltd,53.0,54.15,55.8,116.3265306122449,17.509727626459142,-1.0,3.5,Buy
2025-09-12,PORT,East African Portland Cement Ltd,54.0,54.05,55.125,120.40816326530611,15.953307392996107,1.0,0.0,Buy
2025-10-01,PORT,East African Portland Cement Ltd,58.0,58.6,58.2,136.73469387755102,9.72762645914397,-0.75,5.5,Buy
2025-10-02,PORT,East African Portland Cement Ltd,58.75,58.85,58.15,139.79591836734696,8.560311284046692,0.75,3.0,Buy
2025-10-03,PORT,East African Portland Cement Ltd,59.25,58.8,58.35,141.83673469387753,7.782101167315175,0.5,2.0,Hold
2025-10-06,PORT,East African Portland Cement Ltd,59.5,58.85,58.575,142.85714285714286,7.392996108949417,0.25,1.0,Sell
2025-10-07,PORT,East African Portland Cement Ltd,56.0,58.3,58.35,128.57142857142858,12.840466926070038,-3.5,5.0,Buy
2025-10-08,PORT,East African Portland Cement Ltd,56.75,58.05,58.325,131.6326530612245,11.673151750972762,0.75,3.5,Buy
2025-10-09,PORT,East African Portland Cement Ltd,59.75,58.25,58.55,143.87755102040816,7.003891050583658,3.0,4.0,Sell
2025-09-09,SASN,Sasini Plc,18.1,17.57,17.464999999999996,36.090225563909776,11.274509803921555,0.1000000000000014,0.5500000000000007,Buy
2025-09-10,SASN,Sasini Plc,18.45,17.919999999999998,17.525,38.72180451127819,9.55882352941176,0.3499999999999978,0.6999999999999993,Buy
2025-09-11,SASN,Sasini Plc,18.6,18.16,17.615000000000002,39.849624060150376,8.823529411764692,0.1500000000000021,0.6999999999999993,Sell
2025-09-12,SASN,Sasini Plc,18.1,18.25,17.72,36.090225563909776,11.274509803921555,-0.5,1.1999999999999993,Buy
2025-10-01,SASN,Sasini Plc,18.5,18.69,18.83,39.09774436090225,9.313725490196072,-0.0500000000000007,0.4000000000000021,Buy
2025-10-02,SASN,Sasini Plc,18.75,18.7,18.76,40.97744360902255,8.088235294117641,0.25,0.5500000000000007,Buy
2025-10-03,SASN,Sasini Plc,18.85,18.69,18.745,41.72932330827068,7.598039215686262,0.1000000000000014,0.3999999999999986,Hold
2025-10-06,SASN,Sasini Plc,18.9,18.71,18.735,42.10526315789472,7.352941176470589,0.0499999999999971,0.5,Hold
2025-10-07,SASN,Sasini Plc,18.9,18.78,18.75,42.10526315789472,7.352941176470589,0.0,0.5,Sell
2025-10-08,SASN,Sasini Plc,18.5,18.78,18.735000000000003,39.09774436090225,9.313725490196072,-0.3999999999999986,0.3000000000000007,Hold
2025-10-09,SASN,Sasini Plc,18.5,18.73,18.715,39.09774436090225,9.313725490196072,0.0,0.1000000000000014,Sell
2025-09-09,SBIC,Stanbic Holdings Plc,181.75,181.45,182.4,48.97540983606557,10.246913580246911,-2.0,3.25,Hold
2025-09-10,SBIC,Stanbic Holdings Plc,181.75,181.4,182.25,45.4,10.246913580246911,0.0,3.5,Hold
2025-09-11,SBIC,Stanbic Holdings Plc,182.25,181.95,182.05,45.8,10.0,0.5,5.5,Sell
2025-09-12,SBIC,Stanbic Holdings Plc,180.25,181.95,181.825,44.2,10.987654320987652,-2.0,2.5,Hold
2025-10-01,SBIC,Stanbic Holdings Plc,194.25,185.8,183.55,55.400000000000006,4.074074074074074,10.0,18.0,Buy
2025-10-02,SBIC,Stanbic Holdings Plc,197.25,188.65,185.2,57.8,2.592592592592593,3.0,10.0,Hold
2025-10-03,SBIC,Stanbic Holdings Plc,197.5,191.5,186.825,57.99999999999999,2.469135802469136,0.25,12.0,Hold
2025-10-06,SBIC,Stanbic Holdings Plc,197.5,194.15,188.3,57.99999999999999,2.469135802469136,0.0,2.5,Buy
2025-10-07,SBIC,Stanbic Holdings Plc,199.0,197.1,190.075,59.2,1.728395061728395,1.5,4.5,Hold
2025-10-08,SBIC,Stanbic Holdings Plc,199.0,198.05,191.925,59.2,1.728395061728395,0.0,3.0,Hold
2025-10-09,SBIC,Stanbic Holdings Plc,198.5,198.3,193.475,58.8,1.9753086419753083,-0.5,1.0,Hold
2025-09-09,SCAN,Wpp Scangroup Plc,3.0,2.8800000000000003,2.839,66.66666666666666,25.3731343283582,0.1099999999999998,0.2400000000000002,Buy
2025-09-10,SCAN,Wpp Scangroup Plc,3.04,2.9300000000000006,2.8589999999999995,68.88888888888889,24.37810945273631,0.04,0.2299999999999999,Sell
2025-09-11,SCAN,Wpp Scangroup Plc,2.91,2.9400000000000004,2.864,61.66666666666667,27.61194029850745,-0.1299999999999999,0.29,Sell
2025-09-12,SCAN,Wpp Scangroup Plc,2.88,2.9440000000000004,2.868,59.99999999999999,28.35820895522388,-0.0300000000000002,0.2000000000000001,Sell
2025-10-01,SCAN,Wpp Scangroup Plc,2.87,2.9080000000000004,2.898,59.44444444444444,28.606965174129343,-0.04,0.2000000000000001,Buy
2025-10-02,SCAN,Wpp Scangroup Plc,2.91,2.898000000000001,2.9000000000000004,61.66666666666667,27.61194029850745,0.04,0.1800000000000001,Buy
2025-10-03,SCAN,Wpp Scangroup Plc,2.95,2.9240000000000004,2.912,63.88888888888889,26.61691542288556,0.04,0.1800000000000001,Hold
2025-10-06,SCAN,Wpp Scangroup Plc,2.95,2.9180000000000006,2.918,63.88888888888889,26.61691542288556,0.0,0.25,Hold
2025-10-07,SCAN,Wpp Scangroup Plc,2.96,2.9280000000000004,2.926,64.44444444444444,26.36815920398009,0.0099999999999997,0.2000000000000001,Hold
2025-10-08,SCAN,Wpp Scangroup Plc,2.96,2.9460000000000006,2.9270000000000005,64.44444444444444,26.36815920398009,0.0,0.0499999999999998,Buy
2025-10-09,SCAN,Wpp Scangroup Plc,2.98,2.96,2.929,65.55555555555556,25.87064676616915,0.02,0.1099999999999998,Sell
2025-09-09,SCBK,Standard Chartered Bank Kenya Ltd,299.25,315.35,317.35,32.85238623751388,13.884892086330936,6.5,32.0,Buy
2025-09-10,SCBK,Standard Chartered Bank Kenya Ltd,310.25,312.25,316.425,33.728448275862064,10.719424460431656,11.0,21.0,Hold
2025-09-11,SCBK,Standard Chartered Bank Kenya Ltd,311.25,307.7,315.75,34.15948275862069,10.431654676258994,1.0,14.0,Sell
2025-09-12,SCBK,Standard Chartered Bank Kenya Ltd,304.5,303.6,314.2,31.25,12.37410071942446,-6.75,8.0,Buy
2025-10-01,SCBK,Standard Chartered Bank Kenya Ltd,284.25,284.6,284.95,22.52155172413793,18.201438848920866,0.25,1.0,Hold
2025-10-02,SCBK,Standard Chartered Bank Kenya Ltd,284.0,284.4,284.825,22.41379310344828,18.27338129496403,-0.25,1.75,Hold
2025-10-03,SCBK,Standard Chartered Bank Kenya Ltd,284.0,284.2,284.825,22.41379310344828,18.27338129496403,0.0,1.25,Hold
2025-10-06,SCBK,Standard Chartered Bank Kenya Ltd,283.75,284.0,284.5,22.306034482758623,18.3453237410072,-0.25,2.0,Hold
2025-10-07,SCBK,Standard Chartered Bank Kenya Ltd,283.0,283.8,284.275,21.98275862068965,18.56115107913669,-0.75,5.0,Sell
2025-10-08,SCBK,Standard Chartered Bank Kenya Ltd,280.5,283.05,283.825,20.905172413793103,19.280575539568343,-2.5,3.5,Hold
2025-10-09,SCBK,Standard Chartered Bank Kenya Ltd,280.5,282.35,283.375,20.905172413793103,19.280575539568343,0.0,3.25,Buy
2025-09-09,SCOM,Safaricom Plc,29.1,29.65,29.175,106.38297872340428,6.129032258064512,-0.1499999999999985,0.25,Hold
2025-09-10,SCOM,Safaricom Plc,29.15,29.49,29.245,106.73758865248226,5.967741935483875,0.0499999999999971,0.25,Hold
2025-09-11,SCOM,Safaricom Plc,29.2,29.33,29.31,107.0921985815603,5.806451612903228,0.0500000000000007,0.3999999999999986,Buy
2025-09-12,SCOM,Safaricom Plc,29.45,29.23,29.395,108.86524822695036,5.000000000000003,0.25,0.8000000000000007,Hold
2025-10-01,SCOM,Safaricom Plc,29.3,29.21,29.05,107.80141843971631,5.483870967741933,0.4000000000000021,0.5500000000000007,Hold
2025-10-02,SCOM,Safaricom Plc,29.35,29.19,29.105,108.15602836879434,5.322580645161286,0.0500000000000007,0.5500000000000007,Sell
2025-10-03,SCOM,Safaricom Plc,28.9,29.09,29.125,104.9645390070922,6.774193548387101,-0.4500000000000028,0.3999999999999986,Sell
2025-10-06,SCOM,Safaricom Plc,28.65,29.02,29.12,103.19148936170212,7.5806451612903265,-0.25,0.75,Sell
2025-10-07,SCOM,Safaricom Plc,28.2,28.880000000000003,29.05,100.0,9.032258064516132,-0.4499999999999993,1.4499999999999993,Sell
2025-10-08,SCOM,Safaricom Plc,27.4,28.5,28.855,94.32624113475175,11.612903225806456,-0.8000000000000007,0.8000000000000007,Sell
2025-10-09,SCOM,Safaricom Plc,27.1,28.05,28.62,92.1985815602837,12.58064516129032,-0.2999999999999971,0.8000000000000007,Sell
2025-09-09,SGL,Standard Group Plc,5.76,5.976,6.104000000000001,28.0,19.327731092436977,-0.2400000000000002,0.4199999999999999,Buy
2025-09-10,SGL,Standard Group Plc,6.0,5.976,6.0440000000000005,33.33333333333333,15.966386554621844,0.2400000000000002,0.2999999999999998,Buy
2025-09-11,SGL,Standard Group Plc,6.16,6.024,6.032,36.88888888888889,13.725490196078423,0.1600000000000001,0.5999999999999996,Sell
2025-09-12,SGL,Standard Group Plc,6.08,6.0,6.008,35.111111111111114,14.845938375350135,-0.08,0.0999999999999996,Sell
2025-10-01,SGL,Standard Group Plc,5.9,5.779999999999999,5.824,31.11111111111112,17.366946778711476,0.0,0.0,Hold
2025-10-02,SGL,Standard Group Plc,5.9,5.844,5.804,31.11111111111112,17.366946778711476,0.0,0.4400000000000004,Hold
2025-10-03,SGL,Standard Group Plc,5.9,5.916,5.7940000000000005,31.11111111111112,17.366946778711476,0.0,0.0,Sell
2025-10-06,SGL,Standard Group Plc,5.82,5.884,5.7940000000000005,29.33333333333334,18.487394957983184,-0.08,0.3000000000000007,Sell
2025-10-07,SGL,Standard Group Plc,5.64,5.832,5.814,25.333333333333325,21.00840336134453,-0.1800000000000006,0.3200000000000003,Buy
2025-10-08,SGL,Standard Group Plc,5.88,5.828,5.804,30.666666666666664,17.64705882352941,0.2400000000000002,0.4000000000000003,Buy
2025-10-09,SGL,Standard Group Plc,5.96,5.84,5.8420000000000005,32.44444444444444,16.5266106442577,0.08,0.54,Buy
2025-09-09,SMER,Sameer Africa Plc,15.85,16.19,16.025,651.1848341232228,6.764705882352944,0.0999999999999996,2.3000000000000007,Buy
2025-09-10,SMER,Sameer Africa Plc,15.95,16.09,16.044999999999998,655.9241706161138,6.176470588235299,0.0999999999999996,1.4499999999999993,Sell
2025-09-11,SMER,Sameer Africa Plc,15.45,15.920000000000002,16.085,632.2274881516588,9.117647058823533,-0.5,1.8000000000000007,Sell
2025-09-12,SMER,Sameer Africa Plc,14.1,15.419999999999998,15.93,568.2464454976304,17.058823529411768,-1.3499999999999996,1.0500000000000007,Buy
2025-10-01,SMER,Sameer Africa Plc,14.8,15.35,15.225,601.4218009478674,12.94117647058823,-0.1999999999999993,0.8499999999999996,Buy
2025-10-02,SMER,Sameer Africa Plc,15.6,15.360000000000005,15.335,639.3364928909954,8.235294117647062,0.7999999999999989,1.0500000000000007,Sell
2025-10-03,SMER,Sameer Africa Plc,15.15,15.25,15.36,618.0094786729859,10.882352941176467,-0.4499999999999993,0.8000000000000007,Sell
2025-10-06,SMER,Sameer Africa Plc,15.05,15.12,15.345,613.2701421800949,11.470588235294112,-0.0999999999999996,0.5,Hold
2025-10-07,SMER,Sameer Africa Plc,15.0,15.12,15.304999999999998,610.9004739336494,11.76470588235294,-0.0500000000000007,0.75,Buy
2025-10-08,SMER,Sameer Africa Plc,15.1,15.18,15.265,615.6398104265404,11.176470588235295,0.0999999999999996,0.4000000000000003,Hold
2025-10-09,SMER,Sameer Africa Plc,15.15,15.09,15.225,618.0094786729859,10.882352941176467,0.0500000000000007,0.75,Sell
2025-09-09,TCL,Trans-Century Plc,0.71,0.71,0.71,102.85714285714288,60.1123595505618,0.0,0.0,Hold
2025-09-10,TCL,Trans-Century Plc,0.71,0.71,0.71,97.2222222222222,60.1123595505618,0.0,0.0,Hold
2025-09-11,TCL,Trans-Century Plc,0.71,0.71,0.71,97.2222222222222,60.1123595505618,0.0,0.0,Hold
2025-09-12,TCL,Trans-Century Plc,0.71,0.71,0.71,97.2222222222222,60.1123595505618,0.0,0.0,Hold
2025-10-01,TCL,Trans-Century Plc,0.71,0.71,0.71,97.2222222222222,60.1123595505618,0.0,0.0,Hold
2025-10-02,TCL,Trans-Century Plc,0.71,0.71,0.71,97.2222222222222,60.1123595505618,0.0,0.0,Hold
2025-10-03,TCL,Trans-Century Plc,0.71,0.71,0.71,97.2222222222222,60.1123595505618,0.0,0.0,Hold
2025-10-06,TCL,Trans-Century Plc,0.71,0.71,0.71,97.2222222222222,60.1123595505618,0.0,0.0,Hold
2025-10-07,TCL,Trans-Century Plc,0.71,0.71,0.71,97.2222222222222,60.1123595505618,0.0,0.0,Hold
2025-10-08,TCL,Trans-Century Plc,0.71,0.71,0.71,97.2222222222222,60.1123595505618,0.0,0.0,Hold
2025-10-09,TCL,Trans-Century Plc,0.71,0.71,0.71,97.2222222222222,60.1123595505618,0.0,0.0,Hold
2025-09-09,TOTL,Totalenergies Marketing Kenya Plc,37.6,35.69,35.065000000000005,94.81865284974094,5.764411027568915,2.25,3.700000000000003,Buy
2025-09-10,TOTL,Totalenergies Marketing Kenya Plc,37.95,36.27,35.475,96.63212435233162,19.255319148936163,0.3500000000000014,3.0,Sell
2025-09-11,TOTL,Totalenergies Marketing Kenya Plc,37.75,36.760000000000005,35.9,95.59585492227978,19.680851063829788,-0.2000000000000028,4.699999999999996,Sell
2025-09-12,TOTL,Totalenergies Marketing Kenya Plc,37.55,37.24,36.16,94.55958549222797,20.10638297872341,-0.2000000000000028,1.7999999999999972,Buy
2025-10-01,TOTL,Totalenergies Marketing Kenya Plc,34.05,33.879999999999995,34.32,76.42487046632122,27.553191489361705,0.0499999999999971,0.25,Sell
2025-10-02,TOTL,Totalenergies Marketing Kenya Plc,33.85,33.69,34.17,75.38860103626943,27.97872340425532,-0.1999999999999957,2.0,Hold
2025-10-03,TOTL,Totalenergies Marketing Kenya Plc,33.8,34.02,34.135,75.12953367875646,28.08510638297873,-0.0500000000000042,2.1499999999999986,Buy
2025-10-06,TOTL,Totalenergies Marketing Kenya Plc,34.5,34.04,34.125,78.75647668393782,26.595744680851062,0.7000000000000028,1.9500000000000028,Sell
2025-10-07,TOTL,Totalenergies Marketing Kenya Plc,34.0,34.04,34.055,76.16580310880828,27.659574468085108,-0.5,0.5,Buy
2025-10-08,TOTL,Totalenergies Marketing Kenya Plc,34.2,34.07,33.975,77.20207253886011,27.23404255319149,0.2000000000000028,3.75,Buy
2025-10-09,TOTL,Totalenergies Marketing Kenya Plc,34.7,34.239999999999995,33.965,79.79274611398964,26.17021276595744,0.5,0.25,Buy
2025-09-09,TPSE,Tps Eastern Africa (Serena) Ltd,15.15,15.170000000000002,14.95,22.67206477732794,18.983957219251334,-0.0999999999999996,0.75,Buy
2025-09-10,TPSE,Tps Eastern Africa (Serena) Ltd,15.75,15.320000000000002,15.01,21.15384615384616,15.775401069518711,0.5999999999999996,1.549999999999999,Buy
2025-09-11,TPSE,Tps Eastern Africa (Serena) Ltd,16.5,15.589999999999998,15.264999999999995,26.923076923076923,11.764705882352938,0.75,1.5,Buy
2025-09-12,TPSE,Tps Eastern Africa (Serena) Ltd,17.7,16.07,15.565,36.15384615384615,5.347593582887701,1.1999999999999993,3.1499999999999986,Sell
2025-10-01,TPSE,Tps Eastern Africa (Serena) Ltd,16.4,15.53,15.755,26.153846153846143,12.299465240641716,1.3999999999999986,0.5,Buy
2025-10-02,TPSE,Tps Eastern Africa (Serena) Ltd,16.6,15.76,15.815,27.692307692307704,11.22994652406416,0.2000000000000028,2.0,Buy
2025-10-03,TPSE,Tps Eastern Africa (Serena) Ltd,16.7,16.009999999999998,15.8,28.461538461538456,10.6951871657754,0.0999999999999978,1.1000000000000014,Sell
2025-10-06,TPSE,Tps Eastern Africa (Serena) Ltd,16.05,16.15,15.84,23.461538461538467,14.1711229946524,-0.6499999999999986,1.0,Hold
2025-10-07,TPSE,Tps Eastern Africa (Serena) Ltd,16.0,16.35,15.845000000000002,23.07692307692308,14.438502673796789,-0.0500000000000007,0.5,Hold
2025-10-08,TPSE,Tps Eastern Africa (Serena) Ltd,16.0,16.27,15.9,23.07692307692308,14.438502673796789,0.0,0.0,Sell
2025-10-09,TPSE,Tps Eastern Africa (Serena) Ltd,15.7,16.09,15.925,20.769230769230766,16.0427807486631,-0.3000000000000007,0.4499999999999993,Buy
2025-09-09,UCHM,Uchumi Supermarket Plc,0.31,0.3060000000000003,0.301,93.75,29.545454545454547,0.0,0.02,Buy
2025-09-10,UCHM,Uchumi Supermarket Plc,0.32,0.3100000000000004,0.303,100.0,33.33333333333333,0.01,0.02,Buy
2025-09-11,UCHM,Uchumi Supermarket Plc,0.33,0.3160000000000004,0.306,106.25,31.25,0.01,0.03,Buy
2025-09-12,UCHM,Uchumi Supermarket Plc,0.34,0.3220000000000003,0.3099999999999999,112.5,29.166666666666657,0.01,0.02,Sell
2025-10-01,UCHM,Uchumi Supermarket Plc,0.41,0.3700000000000004,0.359,156.24999999999997,14.583333333333334,0.0299999999999999,0.0199999999999999,Sell
2025-10-02,UCHM,Uchumi Supermarket Plc,0.39,0.3780000000000003,0.363,143.75,18.75,-0.0199999999999999,0.03,Hold
2025-10-03,UCHM,Uchumi Supermarket Plc,0.39,0.3880000000000003,0.367,143.75,18.75,0.0,0.0399999999999999,Hold
2025-10-06,UCHM,Uchumi Supermarket Plc,0.39,0.3920000000000003,0.372,143.75,18.75,0.0,0.03,Sell
2025-10-07,UCHM,Uchumi Supermarket Plc,0.38,0.3920000000000003,0.375,137.5,20.83333333333333,-0.01,0.03,Sell
2025-10-08,UCHM,Uchumi Supermarket Plc,0.36,0.3820000000000003,0.376,124.99999999999996,25.0,-0.02,0.05,Buy
2025-10-09,UCHM,Uchumi Supermarket Plc,0.37,0.3780000000000004,0.378,131.25,22.916666666666664,0.01,0.03,Buy
2025-09-09,UMME,Umeme Ltd,10.1,9.951999999999998,9.774,47.23032069970844,59.1919191919192,-0.0999999999999996,0.3000000000000007,Hold
2025-09-10,UMME,Umeme Ltd,10.05,10.054,9.785,46.501457725947525,59.39393939393939,-0.0499999999999989,0.25,Sell
2025-09-11,UMME,Umeme Ltd,9.82,10.034,9.811,43.14868804664723,60.323232323232325,-0.2300000000000004,0.5,Sell
2025-09-12,UMME,Umeme Ltd,9.54,9.942,9.815,39.06705539358599,61.45454545454546,-0.2800000000000011,0.5899999999999999,Sell
2025-10-01,UMME,Umeme Ltd,8.82,7.888,7.766,28.57142857142857,64.36363636363637,0.8000000000000007,0.5199999999999996,Buy
2025-10-02,UMME,Umeme Ltd,8.88,8.256,7.8199999999999985,29.446064139941697,64.12121212121212,0.0600000000000005,0.8599999999999994,Hold
2025-10-03,UMME,Umeme Ltd,8.92,8.516,7.878,30.029154518950428,63.95959595959596,0.0399999999999991,0.7999999999999989,Sell
2025-10-06,UMME,Umeme Ltd,8.74,8.675999999999998,7.99,27.40524781341108,64.68686868686868,-0.1799999999999997,0.4800000000000004,Sell
2025-10-07,UMME,Umeme Ltd,8.62,8.796000000000001,8.158,25.655976676384824,65.17171717171718,-0.120000000000001,0.6800000000000015,Sell
2025-10-08,UMME,Umeme Ltd,8.18,8.668000000000001,8.278,19.241982507288625,66.94949494949495,-0.4399999999999995,0.620000000000001,Sell
2025-10-09,UMME,Umeme Ltd,8.04,8.5,8.378,17.201166180757998,67.51515151515152,-0.1400000000000005,0.7999999999999989,Buy
2025-09-09,UNGA,Unga Group Ltd,20.5,20.27,20.270000000000003,46.42857142857143,27.43362831858407,0.5,0.6000000000000014,Buy
2025-09-10,UNGA,Unga Group Ltd,21.55,20.58,20.38,49.65277777777778,23.71681415929203,1.0500000000000007,0.1000000000000014,Sell
2025-09-11,UNGA,Unga Group Ltd,21.4,20.74,20.55,48.6111111111111,24.247787610619472,-0.1500000000000021,0.6000000000000014,Buy
2025-09-12,UNGA,Unga Group Ltd,21.8,21.05,20.68,51.38888888888889,22.831858407079643,0.4000000000000021,1.6000000000000014,Hold
2025-10-01,UNGA,Unga Group Ltd,24.0,24.14,22.925,66.66666666666666,15.04424778761062,-0.1000000000000014,0.2000000000000028,Hold
2025-10-02,UNGA,Unga Group Ltd,23.9,24.23,23.085,65.97222222222221,15.39823008849558,-0.1000000000000014,0.0,Sell
2025-10-03,UNGA,Unga Group Ltd,22.9,23.96,23.05,59.02777777777777,18.938053097345136,-1.0,1.8999999999999984,Buy
2025-10-06,UNGA,Unga Group Ltd,23.25,23.630000000000003,23.225,61.45833333333333,17.699115044247787,0.3500000000000014,0.5,Buy
2025-10-07,UNGA,Unga Group Ltd,25.25,23.860000000000003,23.75,75.34722222222221,10.619469026548671,2.0,2.1000000000000014,Buy
2025-10-08,UNGA,Unga Group Ltd,25.7,24.2,24.17,78.47222222222221,9.026548672566374,0.4499999999999993,2.5,Sell
2025-10-09,UNGA,Unga Group Ltd,24.95,24.41,24.32,73.26388888888889,11.681415929203542,-0.75,5.100000000000001,Buy
2025-09-09,WTK,Williamson Tea Kenya Plc,245.0,244.35,245.75,40.80459770114943,30.0,0.0,1.0,Hold
2025-09-10,WTK,Williamson Tea Kenya Plc,246.0,245.3,245.35,53.75,29.714285714285715,1.0,1.0,Sell
2025-09-11,WTK,Williamson Tea Kenya Plc,240.0,244.2,244.85,50.0,31.428571428571427,-6.0,5.0,Hold
2025-09-12,WTK,Williamson Tea Kenya Plc,241.0,243.4,243.9,50.625,31.142857142857142,1.0,0.0,Hold
2025-10-01,WTK,Williamson Tea Kenya Plc,302.5,266.2,253.15,89.0625,13.571428571428571,27.5,0.5,Buy
2025-10-02,WTK,Williamson Tea Kenya Plc,324.25,282.9,261.125,102.65625,7.357142857142857,21.75,30.25,Hold
2025-10-03,WTK,Williamson Tea Kenya Plc,325.75,298.4,269.6,103.59375,6.928571428571429,1.5,40.0,Buy
2025-10-06,WTK,Williamson Tea Kenya Plc,334.5,312.4,279.375,109.0625,4.428571428571428,8.75,50.0,Sell
2025-10-07,WTK,Williamson Tea Kenya Plc,328.75,323.15,288.425,105.46875,6.071428571428571,-5.75,38.0,Sell
2025-10-08,WTK,Williamson Tea Kenya Plc,308.0,324.25,295.225,92.5,12.0,-20.75,29.0,Sell
2025-10-09,WTK,Williamson Tea Kenya Plc,301.0,319.6,301.25,88.125,14.000000000000002,-7.0,17.25,Hold
2025-09-09,XPRS,Express Kenya Plc,9.88,8.52,7.352000000000001,252.8571428571429,1.1999999999999922,0.7600000000000016,0.8800000000000008,Sell
2025-09-10,XPRS,Express Kenya Plc,9.12,8.896,7.706,225.7142857142857,8.800000000000008,-0.7600000000000016,1.0999999999999996,Sell
2025-09-11,XPRS,Express Kenya Plc,8.48,9.004000000000001,7.952000000000001,202.8571428571429,15.199999999999998,-0.6399999999999988,1.08,Buy
2025-09-12,XPRS,Express Kenya Plc,8.88,9.096,8.178,217.1428571428572,11.199999999999992,0.4000000000000003,0.6799999999999997,Sell
2025-10-01,XPRS,Express Kenya Plc,7.92,7.7360000000000015,7.834,182.8571428571429,20.8,0.0,0.7599999999999998,Buy
2025-10-02,XPRS,Express Kenya Plc,8.06,7.792000000000002,7.852000000000001,187.8571428571429,19.399999999999995,0.1400000000000005,0.5,Sell
2025-10-03,XPRS,Express Kenya Plc,8.0,7.828,7.828,185.7142857142857,20.0,-0.0600000000000005,0.5,Sell
2025-10-06,XPRS,Express Kenya Plc,7.56,7.892000000000001,7.77,170.0,24.40000000000001,-0.4400000000000004,0.6999999999999993,Buy
2025-10-07,XPRS,Express Kenya Plc,7.6,7.828,7.790000000000001,171.42857142857144,24.000000000000004,0.04,0.4200000000000008,Sell
2025-10-08,XPRS,Express Kenya Plc,7.46,7.7360000000000015,7.7360000000000015,166.42857142857144,25.4,-0.1399999999999996,0.3999999999999994,Hold
2025-10-09,XPRS,Express Kenya Plc,7.44,7.612,7.702000000000001,165.71428571428575,25.599999999999994,-0.0199999999999995,0.2999999999999998,Sell
